Order_ID,Order_Date,Customer_Segment,Priority,Product_Category,Order_Value_INR,Origin,Destination,Special_Handling,Carrier,Promised_Delivery_Days,Actual_Delivery_Days,Delivery_Status,Quality_Issue,Customer_Rating,Delivery_Cost_INR,Route,Distance_KM,Fuel_Consumption_L,Toll_Charges_INR,Traffic_Delay_Minutes,Weather_Impact,Fuel_Cost,Labor_Cost,Vehicle_Maintenance,Insurance,Packaging_Cost,Technology_Platform_Fee,Other_Overhead,Feedback_Date,Rating,Would_Recommend,is_delayed,delay_days,carrier_ontime_rate,carrier_avg_rating,carrier_reliability_score,traffic_risk_score,weather_risk_score,route_risk_index,order_complexity,total_cost,cost_per_km,priority_score,order_day_of_week,order_month,is_weekend_order,is_month_end,Location,warehouse_efficiency,is_high_value,segment_risk_factor,has_quality_issue,is_international,fuel_efficiency,profit_margin
ORD000001,2025-10-09,Individual,Express,Industrial,238.73,Kolkata,Hyderabad,,SpeedyLogistics,1.0,2.0,Slightly-Delayed,Perfect,3.0,387.86,Kolkata-Hyderabad,152.59,23.02,122.08,21.0,,151.36,110.31,53.0,32.17,37.46,43.77,30.38,,4.0,,1,1.0,0.4878048780487805,3.5121951219512195,0.5521951219512194,0.17796610169491525,0.0,0.10677966101694915,0.41077825874874657,458.45,3.0044563863949145,3,3,10,0,0,Kolkata,0.38835978835978835,0,0.25,0,0,6.62858384013901,-0.18199865931006026
ORD000002,2025-09-29,SMB,Express,Industrial,17.01,Hyderabad,Kolkata,,SpeedyLogistics,2.0,3.0,Slightly-Delayed,Minor_Damage,1.0,430.19,Hyderabad-Kolkata,362.05,43.98,289.64,33.0,,157.32,146.2,51.61,28.54,21.74,48.64,38.74,2025-10-03,1.0,Yes,1,1.0,0.4878048780487805,3.5121951219512195,0.5521951219512194,0.2796610169491525,0.0,0.16779661016949152,0.4220797534848368,492.79,1.3611103438751553,3,0,9,0,1,,1.0,0,0.15,1,0,8.232150977717145,-0.14551709709663177
ORD000003,2025-09-15,SMB,Economy,Industrial,3024.95,Mumbai,Pune,,SpeedyLogistics,10.0,15.0,Severely-Delayed,Minor_Damage,3.0,1039.19,Mumbai-Pune,519.74,65.75,415.79,2.0,,322.61,319.74,128.03,58.13,102.91,92.06,55.45,2025-09-30,3.0,No,1,5.0,0.4878048780487805,3.5121951219512195,0.5521951219512194,0.01694915254237288,0.0,0.010169491525423728,0.4507769797208098,1078.93,2.0759033362835266,1,0,9,0,0,Mumbai,0.4548229548229548,1,0.15,1,0,7.904790874524715,-0.03824132256853897
ORD000004,2025-10-13,Individual,Economy,Fashion,56.74,Hyderabad,Ahmedabad,,QuickShip,5.0,5.0,On-Time,Perfect,5.0,599.01,Hyderabad-Ahmedabad,540.87,61.85,432.7,112.0,,215.33,194.01,60.87,49.68,45.89,50.4,35.12,,4.0,,0,0.0,0.7419354838709677,4.096774193548387,0.7651612903225806,0.9491525423728814,0.0,0.5694915254237288,0.43318437670070875,651.3,1.204171057740307,1,0,10,0,0,,1.0,0,0.25,0,0,8.744866612772837,-0.08729403515801065
ORD000005,2025-09-08,SMB,Standard,Fashion,19148.65,Chennai,Mumbai,,SpeedyLogistics,4.0,5.0,Slightly-Delayed,Perfect,3.0,537.9,Chennai-Mumbai,1251.56,147.54,1001.25,10.0,,191.92,150.42,79.03,48.92,53.35,48.62,52.98,,4.0,,1,1.0,0.4878048780487805,3.5121951219512195,0.5521951219512194,0.0847457627118644,0.0,0.05084745762711864,0.597719607523435,625.24,0.49956853846399696,2,0,9,0,0,Chennai,1.0,1,0.15,0,0,8.482852107902941,-0.16237218813905938
ORD000006,2025-09-21,Individual,Express,Food & Beverage,158.22,Chennai,Dubai,,GlobalTransit,1.0,2.0,Slightly-Delayed,Perfect,4.0,378.99,Chennai-Dubai,3041.83,365.82,0.0,0.0,,130.04,107.92,38.85,19.95,32.06,37.26,23.24,,4.0,,1,1.0,0.36363636363636365,3.090909090909091,0.43999999999999995,0.0,0.0,0.0,0.585604470056615,389.32,0.1279887436181509,3,6,9,1,0,Chennai,1.0,0,0.25,0,1,8.315100322563008,-0.02725665584843923
ORD000007,2025-10-09,Individual,Standard,Electronics,736.82,Pune,Bangalore,,QuickShip,3.0,3.0,On-Time,Perfect,4.0,439.72,Pune-Bangalore,854.87,103.85,683.9,10.0,,158.91,121.05,56.67,29.88,40.09,49.61,32.48,2025-10-12,4.0,Yes,0,0.0,0.7419354838709677,4.096774193548387,0.7651612903225806,0.0847457627118644,0.0,0.05084745762711864,0.4565646150091491,488.69000000000005,0.5716541696398283,2,3,10,0,0,,1.0,0,0.25,0,0,8.231776600866635,-0.11136632402437921
ORD000008,2025-09-19,Enterprise,Standard,Industrial,4771.54,Chennai,Kolkata,,GlobalTransit,5.0,10.0,Severely-Delayed,Perfect,2.0,836.35,Chennai-Kolkata,1430.06,173.95,1144.05,81.0,,280.25,239.41,117.33,55.54,50.56,69.74,61.33,,4.0,,1,5.0,0.36363636363636365,3.090909090909091,0.43999999999999995,0.6864406779661016,0.0,0.41186440677966096,0.5171278162473196,874.16,0.6112750513964449,2,4,9,0,0,Chennai,0.6035031847133758,1,0.1,0,0,8.221098016671457,-0.04520834578824648
ORD000009,2025-09-23,SMB,Express,Books,3711.35,Delhi,Hong Kong,,SpeedyLogistics,2.0,2.0,On-Time,Perfect,5.0,414.8,Delhi-Hong Kong,3708.13,446.18,0.0,0.0,,144.44,138.58,46.07,28.64,37.51,46.85,28.72,2025-09-25,5.0,Yes,0,0.0,0.4878048780487805,3.5121951219512195,0.5521951219512194,0.0,0.0,0.0,0.648634387036429,470.80999999999995,0.12696696178397196,3,1,9,0,0,Delhi,0.49547920433996384,1,0.15,0,1,8.310838674974226,-0.13502892960462856
ORD000010,2025-09-11,SMB,Standard,Electronics,7936.32,Hyderabad,Mumbai,Hazmat,GlobalTransit,4.0,9.0,Severely-Delayed,Minor_Damage,3.0,891.65,Hyderabad-Mumbai,771.73,88.0,617.39,16.0,Light_Rain,308.43,249.95,130.74,49.87,86.21,95.72,68.28,,4.0,,1,5.0,0.36363636363636365,3.090909090909091,0.43999999999999995,0.13559322033898305,0.3,0.20135593220338982,0.4973009053135872,989.2,1.281795446594016,2,3,9,0,0,,1.0,1,0.15,1,0,8.76965909090909,-0.10940391409185227
ORD000011,2025-09-11,Enterprise,Standard,Books,41.07,Delhi,Bangkok,,EcoDeliver,3.0,4.0,Slightly-Delayed,Perfect,3.0,319.8,Delhi-Bangkok,4720.83,562.82,0.0,0.0,,96.98,95.16,38.5,18.57,26.49,38.01,24.98,2025-09-16,3.0,No,1,1.0,0.625,4.0,0.6775,0.0,0.0,0.0,0.6867523260063866,338.69,0.07174373997792761,2,3,9,0,0,Delhi,0.49547920433996384,0,0.1,0,1,8.387814931949823,-0.059068167604752926
ORD000012,2025-09-24,Enterprise,Standard,Electronics,73.42,Mumbai,Hong Kong,,ReliableExpress,3.0,3.0,On-Time,Perfect,5.0,583.33,Mumbai-Hong Kong,3797.36,454.22,0.0,0.0,,216.69,149.83,70.51,32.56,47.04,68.56,48.47,,4.0,,0,0.0,0.475,3.575,0.5469999999999999,0.0,0.0,0.0,0.63091577819623,633.6600000000001,0.16686856131628292,2,2,9,0,0,Mumbai,1.0,0,0.1,0,1,8.360177887367355,-0.08628049303138881
ORD000013,2025-10-06,SMB,Standard,Food & Beverage,566.23,Hyderabad,Bangalore,,QuickShip,3.0,3.0,On-Time,Perfect,4.0,587.57,Hyderabad-Bangalore,164.57,22.21,131.65,102.0,,180.78,167.73,74.93,41.22,53.87,66.15,47.35,2025-10-13,4.0,Yes,0,0.0,0.7419354838709677,4.096774193548387,0.7651612903225806,0.864406779661017,0.0,0.5186440677966102,0.4135878638403471,632.03,3.840493407060825,2,0,10,0,0,,1.0,0,0.15,0,0,7.409725348941917,-0.0756675800330172
ORD000014,2025-10-10,SMB,Express,Industrial,1421.72,Delhi,Bangalore,,SpeedyLogistics,2.0,2.0,On-Time,Perfect,5.0,313.96,Delhi-Bangalore,1450.16,171.78,1160.13,45.0,,105.91,86.51,33.06,21.27,22.18,33.6,26.03,2025-10-16,5.0,Yes,0,0.0,0.4878048780487805,3.5121951219512195,0.5521951219512194,0.3813559322033898,0.0,0.22881355932203387,0.4970460398457814,328.56000000000006,0.22656810283003256,3,4,10,0,0,Delhi,1.0,1,0.15,0,0,8.44196064733962,-0.04650273920244643
ORD000015,2025-09-24,Enterprise,Standard,Industrial,396.69,Kolkata,Delhi,Hazmat,EcoDeliver,3.0,3.0,On-Time,Perfect,5.0,435.14,Kolkata-Delhi,1748.33,214.29,1398.67,25.0,Fog,133.59,125.98,47.47,25.17,39.76,35.54,30.88,2025-09-27,5.0,Yes,0,0.0,0.625,4.0,0.6775,0.211864406779661,0.5,0.3271186440677966,0.5086227780832671,438.39,0.2507478565259419,2,2,9,0,0,Kolkata,0.38835978835978835,0,0.1,0,0,8.15871015913015,-0.007468860596589603
ORD000016,2025-09-03,Enterprise,Standard,Healthcare,34.57,Delhi,Mumbai,Fragile,ReliableExpress,3.0,3.0,On-Time,Perfect,5.0,425.42,Delhi-Mumbai,921.79,114.25,737.43,54.0,,134.78,143.76,54.39,26.19,31.96,46.48,41.65,,4.0,,0,0.0,0.475,3.575,0.5469999999999999,0.4576271186440678,0.0,0.2745762711864407,0.456160140023559,479.2099999999999,0.5198689506286681,2,2,9,0,0,Delhi,1.0,0,0.1,0,0,8.068183807439825,-0.1264397536552111
ORD000017,2025-09-22,Individual,Standard,Books,849.69,Hyderabad,Singapore,,GlobalTransit,5.0,5.0,On-Time,Perfect,4.0,437.4,Hyderabad-Singapore,2857.35,339.91,0.0,0.0,Light_Rain,140.86,148.11,64.17,41.91,35.77,46.01,30.69,,4.0,,0,0.0,0.36363636363636365,3.090909090909091,0.43999999999999995,0.0,0.3,0.12,0.5788060771208723,507.52000000000004,0.17761912261361054,2,0,9,0,0,,1.0,0,0.25,0,1,8.406195757700567,-0.16031092821216292
ORD000018,2025-09-02,Enterprise,Economy,Electronics,301.46,Mumbai,Chennai,Fragile,EcoDeliver,7.0,8.0,Slightly-Delayed,Perfect,3.0,658.72,Mumbai-Chennai,757.12,90.97,605.7,114.0,,247.18,199.68,88.18,47.05,57.03,74.42,37.76,,4.0,,1,1.0,0.625,4.0,0.6775,0.9661016949152542,0.0,0.5796610169491525,0.44786403547142717,751.2999999999998,0.9923129754860522,1,1,9,0,0,Mumbai,1.0,0,0.1,0,0,8.322743761679675,-0.1405452999757102
ORD000019,2025-09-24,Enterprise,Standard,Electronics,296.08,Ahmedabad,Bangalore,Hazmat,GlobalTransit,5.0,6.0,Slightly-Delayed,Wrong_Item,1.0,417.76,Ahmedabad-Bangalore,1571.48,193.39,1257.18,81.0,,160.12,127.01,59.42,29.9,28.81,48.71,26.13,2025-09-30,1.0,No,1,1.0,0.36363636363636365,3.090909090909091,0.43999999999999995,0.6864406779661016,0.0,0.41186440677966096,0.49725057025994374,480.09999999999997,0.3055081833685443,2,2,9,0,0,,1.0,0,0.1,1,0,8.12596307978696,-0.14922443508234387
ORD000020,2025-10-14,SMB,Express,Fashion,13.24,Kolkata,Pune,Temperature_Controlled,QuickShip,2.0,2.0,On-Time,Perfect,5.0,311.13,Kolkata-Pune,1123.6,135.75,898.88,6.0,Fog,119.6,92.84,39.11,20.36,24.47,28.94,16.17,2025-10-20,5.0,Yes,0,0.0,0.7419354838709677,4.096774193548387,0.7651612903225806,0.05084745762711865,0.5,0.2305084745762712,0.4682716665142937,341.49,0.3039248843004628,3,1,10,0,0,Kolkata,1.0,0,0.15,0,0,8.276979742173111,-0.09757978979847656
ORD000021,2025-09-30,Individual,Express,Healthcare,1334.39,Mumbai,Singapore,Fragile,QuickShip,2.0,2.0,On-Time,Perfect,5.0,526.67,Mumbai-Singapore,2601.42,308.26,0.0,0.0,Heavy_Rain,172.33,132.0,78.43,51.77,36.74,57.48,35.44,2025-10-03,5.0,No,0,0.0,0.7419354838709677,4.096774193548387,0.7651612903225806,0.0,0.7,0.27999999999999997,0.56635677115821,564.19,0.21687770525328476,3,1,9,0,1,Mumbai,1.0,0,0.25,0,1,8.439044962045028,-0.07124005544268726
ORD000022,2025-10-08,Enterprise,Standard,Home Goods,501.6,Bangalore,Dubai,Fragile,SpeedyLogistics,3.0,3.0,On-Time,Perfect,5.0,363.82,Bangalore-Dubai,3317.45,401.56,0.0,0.0,Heavy_Rain,133.56,120.26,53.6,25.47,32.44,32.98,36.21,2025-10-14,5.0,Yes,0,0.0,0.4878048780487805,3.5121951219512195,0.5521951219512194,0.0,0.7,0.27999999999999997,0.6045144738173757,434.52,0.13098012027310132,2,2,10,0,0,Bangalore,1.0,0,0.1,0,1,8.261405518477936,-0.1943268649332087
ORD000023,2025-09-02,SMB,Express,Home Goods,5959.53,Ahmedabad,Dubai,,EcoDeliver,1.0,3.0,Slightly-Delayed,Perfect,4.0,577.28,Ahmedabad-Dubai,2187.37,266.32,0.0,0.0,,174.67,179.16,76.76,48.72,32.34,67.85,34.09,2025-09-05,4.0,Yes,1,2.0,0.625,4.0,0.6775,0.0,0.0,0.0,0.570640845458921,613.59,0.28051495631740403,3,1,9,0,0,,1.0,1,0.15,0,1,8.213314809252028,-0.0628984201773837
ORD000024,2025-09-21,Individual,Standard,Fashion,360.77,Bangalore,Kolkata,,ReliableExpress,5.0,6.0,Slightly-Delayed,Perfect,3.0,612.64,Bangalore-Kolkata,967.74,117.39,774.19,30.0,Light_Rain,221.94,166.8,70.67,47.37,43.41,52.94,35.87,,4.0,,1,1.0,0.475,3.575,0.5469999999999999,0.2542372881355932,0.3,0.2725423728813559,0.46102300247075717,639.0000000000001,0.6603013206026414,2,6,9,1,0,Bangalore,1.0,0,0.25,0,0,8.243802708918988,-0.04302689997388373
ORD000025,2025-10-03,Enterprise,Economy,Fashion,943.42,Mumbai,Hyderabad,,QuickShip,10.0,10.0,On-Time,Perfect,5.0,951.95,Mumbai-Hyderabad,1396.41,171.86,1117.13,85.0,Light_Rain,325.39,310.08,137.94,51.6,66.31,79.97,48.39,2025-10-17,5.0,No,0,0.0,0.7419354838709677,4.096774193548387,0.7651612903225806,0.7203389830508474,0.3,0.5522033898305084,0.4907426146916582,1019.6800000000002,0.7302153379021922,1,4,10,0,0,Mumbai,1.0,0,0.1,0,0,8.125276387757477,-0.07114869478439007
ORD000026,2025-09-12,Individual,Standard,Fashion,1404.91,Bangalore,Delhi,,SpeedyLogistics,5.0,6.0,Slightly-Delayed,Perfect,3.0,629.91,Bangalore-Delhi,1277.31,149.62,1021.84,20.0,,230.66,195.43,68.13,38.86,32.24,71.43,62.19,2025-09-20,3.0,Yes,1,1.0,0.4878048780487805,3.5121951219512195,0.5521951219512194,0.1694915254237288,0.0,0.10169491525423728,0.4864494644529738,698.94,0.5471968433661367,2,4,9,0,0,Bangalore,1.0,1,0.25,0,0,8.537027135409703,-0.1095870838691243
ORD000027,2025-09-22,SMB,Standard,Books,29.39,Bangalore,Bangkok,,SpeedyLogistics,5.0,5.0,On-Time,Perfect,5.0,361.87,Bangalore-Bangkok,4413.31,527.38,0.0,0.0,,113.46,98.84,51.9,34.86,25.69,29.68,18.81,,4.0,,0,0.0,0.4878048780487805,3.5121951219512195,0.5521951219512194,0.0,0.0,0.0,0.6680157068557133,373.24,0.08457144410884347,2,0,9,0,0,Bangalore,1.0,0,0.15,0,1,8.368368159581328,-0.03142012324868048
ORD000028,2025-10-14,SMB,Standard,Books,20435.93,Kolkata,Dubai,,GlobalTransit,5.0,5.0,On-Time,Perfect,5.0,620.17,Kolkata-Dubai,4872.34,579.77,0.0,0.0,Fog,221.65,179.41,62.91,49.09,31.36,69.15,40.51,,4.0,,0,0.0,0.36363636363636365,3.090909090909091,0.43999999999999995,0.0,0.5,0.2,0.8256383062037829,654.08,0.13424350517410527,2,1,10,0,0,Kolkata,0.05711086226203808,1,0.15,0,1,8.403918795384378,-0.05467855587983953
ORD000029,2025-09-25,SMB,Standard,Food & Beverage,211.41,Chennai,Singapore,,ReliableExpress,3.0,3.0,On-Time,Perfect,5.0,267.94,Chennai-Singapore,4030.46,486.94,0.0,0.0,,81.46,82.75,32.12,26.44,20.69,24.39,22.9,,4.0,,0,0.0,0.475,3.575,0.5469999999999999,0.0,0.0,0.0,0.6459393079573884,290.74999999999994,0.07213816785180846,2,3,9,0,1,Chennai,1.0,0,0.15,0,1,8.27711833080051,-0.08513099947749476
ORD000030,2025-10-19,SMB,Standard,Food & Beverage,847.13,Delhi,Chennai,Fragile,GlobalTransit,5.0,5.0,On-Time,Perfect,5.0,530.24,Delhi-Chennai,124.34,17.3,99.47,24.0,,173.47,180.51,62.96,41.09,27.85,51.46,48.58,2025-10-28,5.0,Yes,0,0.0,0.36363636363636365,3.090909090909091,0.43999999999999995,0.2033898305084746,0.0,0.12203389830508475,0.412932690713835,585.9200000000001,4.712240630529195,2,6,10,1,0,Delhi,0.38801261829652994,0,0.15,0,0,7.18728323699422,-0.10500905250452637
ORD000031,2025-09-27,Enterprise,Economy,Fashion,1054.55,Mumbai,Bangkok,Temperature_Controlled,QuickShip,7.0,8.0,Slightly-Delayed,Perfect,3.0,871.77,Mumbai-Bangkok,2207.09,259.91,0.0,0.0,Heavy_Rain,331.77,237.5,97.03,79.21,84.14,73.07,63.21,2025-10-07,3.0,Yes,1,1.0,0.7419354838709677,4.096774193548387,0.7651612903225806,0.0,0.7,0.27999999999999997,0.5406467123506283,965.9300000000001,0.43764866860889223,1,5,9,1,1,Mumbai,1.0,0,0.1,0,1,8.491747143241891,-0.10801014028929659
ORD000032,2025-10-12,Individual,Standard,Healthcare,118.85,Chennai,Dubai,,ReliableExpress,3.0,5.0,Slightly-Delayed,Perfect,3.0,416.08,Chennai-Dubai,4465.78,538.99,0.0,0.0,Heavy_Rain,138.86,140.25,43.35,25.2,36.46,34.14,31.05,2025-10-21,3.0,No,1,2.0,0.475,3.575,0.5469999999999999,0.0,0.7,0.27999999999999997,0.6717688112512563,449.31,0.10061176323061145,2,6,10,1,0,Chennai,1.0,0,0.25,0,1,8.285459841555502,-0.07986444914439536
ORD000033,2025-09-28,SMB,Economy,Electronics,6441.2,Delhi,Chennai,,SpeedyLogistics,5.0,5.0,On-Time,Perfect,5.0,505.95,Delhi-Chennai,1290.06,150.85,1032.05,22.0,,174.15,143.41,60.58,38.7,29.38,52.05,45.67,,4.0,,0,0.0,0.4878048780487805,3.5121951219512195,0.5521951219512194,0.1864406779661017,0.0,0.11186440677966102,0.5192490948386997,543.9399999999999,0.4216393035982822,1,6,9,1,1,Delhi,0.12256586483390607,1,0.15,0,0,8.551939012263839,-0.07508647099515753
ORD000034,2025-09-16,Enterprise,Economy,Books,601.2,Mumbai,Dubai,Temperature_Controlled,ReliableExpress,7.0,8.0,Slightly-Delayed,Perfect,3.0,791.94,Mumbai-Dubai,2232.95,267.03,0.0,0.0,,297.78,210.17,85.1,50.22,53.89,76.29,66.51,2025-09-27,3.0,Yes,1,1.0,0.475,3.575,0.5469999999999999,0.0,0.0,0.0,0.5393332056673016,839.9599999999999,0.37616605835329947,1,1,9,0,0,Mumbai,1.0,0,0.1,0,1,8.362169044676628,-0.060635906760613006
ORD000035,2025-09-15,Enterprise,Express,Healthcare,292.89,Pune,Delhi,,SpeedyLogistics,2.0,3.0,Slightly-Delayed,Perfect,3.0,602.9,Pune-Delhi,212.22,23.95,169.77,2.0,,184.29,152.82,72.1,51.16,35.98,63.7,37.98,,4.0,,1,1.0,0.4878048780487805,3.5121951219512195,0.5521951219512194,0.01694915254237288,0.0,0.010169491525423728,0.41474140580249197,598.0300000000001,2.817971915936293,3,0,9,0,0,,1.0,0,0.1,0,0,8.860960334029228,0.00807762481340171
ORD000036,2025-10-17,SMB,Express,Industrial,496.59,Chennai,Hong Kong,Fragile,EcoDeliver,2.0,3.0,Slightly-Delayed,Perfect,3.0,518.38,Chennai-Hong Kong,3731.12,449.71,0.0,0.0,,201.45,176.03,59.54,31.88,36.58,46.46,43.35,,4.0,,1,1.0,0.625,4.0,0.6775,0.0,0.0,0.0,0.629586844369651,595.2900000000001,0.15954726730847577,3,4,10,0,0,Chennai,0.6035031847133758,0,0.15,0,1,8.296724555824865,-0.14836606350553663
ORD000037,2025-10-14,SMB,Express,Books,1269.5,Chennai,Dubai,,QuickShip,1.0,1.0,On-Time,Minor_Damage,4.0,253.27,Chennai-Dubai,2302.82,280.03,0.0,0.0,,96.9,80.36,35.77,17.69,14.64,27.74,17.23,,4.0,,0,0.0,0.7419354838709677,4.096774193548387,0.7651612903225806,0.0,0.0,0.0,0.5478231130221828,290.33000000000004,0.12607585482147976,3,1,10,0,0,Chennai,1.0,0,0.15,1,1,8.223476056136844,-0.14632605519801015
ORD000038,2025-09-03,Enterprise,Express,Books,410.02,Hyderabad,Singapore,,SpeedyLogistics,1.0,6.0,Severely-Delayed,Perfect,1.0,669.84,Hyderabad-Singapore,2338.79,284.08,0.0,0.0,,245.92,185.59,69.7,66.74,38.72,80.07,66.22,2025-09-11,1.0,Yes,1,5.0,0.4878048780487805,3.5121951219512195,0.5521951219512194,0.0,0.0,0.0,0.5445405585678134,752.96,0.32194425322495823,3,2,9,0,0,,1.0,0,0.1,0,1,8.232856941706562,-0.1240893347665114
ORD000039,2025-10-07,SMB,Express,Food & Beverage,1514.58,Bangalore,Dubai,Hazmat,GlobalTransit,2.0,3.0,Slightly-Delayed,Perfect,3.0,368.69,Bangalore-Dubai,3434.78,408.63,0.0,0.0,Light_Rain,139.87,116.48,47.52,34.4,23.77,36.39,29.85,,4.0,,1,1.0,0.36363636363636365,3.090909090909091,0.43999999999999995,0.0,0.3,0.12,0.6180763951143327,428.28,0.1246892086247154,3,1,10,0,0,Bangalore,1.0,1,0.15,0,1,8.405599197317867,-0.1616262985163687
ORD000040,2025-09-07,Enterprise,Standard,Electronics,32.22,Kolkata,Hyderabad,,GlobalTransit,5.0,5.0,On-Time,Perfect,5.0,637.37,Kolkata-Hyderabad,1233.65,145.15,986.92,33.0,,217.42,186.59,74.26,49.85,58.98,56.13,61.65,2025-09-12,5.0,No,0,0.0,0.36363636363636365,3.090909090909091,0.43999999999999995,0.2796610169491525,0.0,0.16779661016949152,0.475070921983274,704.88,0.5713776192599197,2,6,9,1,0,Kolkata,1.0,0,0.1,0,0,8.499138821908371,-0.10591963851452059
ORD000041,2025-09-21,SMB,Express,Electronics,131.37,Bangalore,Bangkok,,ReliableExpress,1.0,2.0,Slightly-Delayed,Perfect,3.0,581.61,Bangalore-Bangkok,4410.45,533.55,0.0,0.0,,214.56,193.28,74.34,51.75,29.55,65.57,30.25,2025-09-24,3.0,Yes,1,1.0,0.475,3.575,0.5469999999999999,0.0,0.0,0.0,0.6684906361633169,659.3,0.14948588012561076,3,6,9,1,0,Bangalore,1.0,0,0.15,0,1,8.266235591790835,-0.13357748319320498
ORD000042,2025-09-09,Enterprise,Standard,Home Goods,16.31,Mumbai,Bangkok,Fragile,ReliableExpress,4.0,4.0,On-Time,Perfect,4.0,588.56,Mumbai-Bangkok,4718.33,564.41,0.0,0.0,,228.94,205.52,67.51,35.62,51.95,53.04,54.9,,4.0,,0,0.0,0.475,3.575,0.5469999999999999,0.0,0.0,0.0,0.6864431601146102,697.48,0.1478234883952585,2,1,9,0,0,Mumbai,0.3589435774309724,0,0.1,0,1,8.359756205595223,-0.18506184586108482
ORD000043,2025-10-09,SMB,Economy,Home Goods,8066.8,Delhi,Bangalore,,QuickShip,10.0,12.0,Slightly-Delayed,Wrong_Item,1.0,1045.15,Delhi-Bangalore,484.25,59.51,387.4,52.0,,324.29,274.45,155.68,87.47,96.51,97.17,87.61,,4.0,,1,2.0,0.7419354838709677,4.096774193548387,0.7651612903225806,0.4406779661016949,0.0,0.26440677966101694,0.4806844442820648,1123.18,2.319421786267424,1,3,10,0,0,Delhi,1.0,1,0.15,1,0,8.137287850781382,-0.07465913983638708
ORD000044,2025-09-18,SMB,Express,Home Goods,7910.83,Bangalore,Singapore,,SpeedyLogistics,1.0,1.0,On-Time,Perfect,5.0,150.84,Bangalore-Singapore,2643.88,316.43,0.0,0.0,Light_Rain,54.22,46.81,20.23,11.88,10.78,13.73,13.34,2025-09-23,5.0,No,0,0.0,0.4878048780487805,3.5121951219512195,0.5521951219512194,0.0,0.3,0.12,0.6107532475597837,170.99,0.06467388837617441,3,3,9,0,0,Bangalore,1.0,1,0.15,0,1,8.355339253547388,-0.13358525590029174
ORD000045,2025-09-04,Individual,Economy,Home Goods,1032.69,Kolkata,Pune,Hazmat,SpeedyLogistics,5.0,5.0,On-Time,Perfect,4.0,637.03,Kolkata-Pune,419.33,52.52,335.47,31.0,,205.52,203.36,71.14,51.77,55.65,56.54,33.76,,4.0,,0,0.0,0.4878048780487805,3.5121951219512195,0.5521951219512194,0.2627118644067797,0.0,0.1576271186440678,0.4320146133121209,677.7399999999999,1.616244962201607,1,3,9,0,0,Kolkata,1.0,0,0.25,0,0,7.984196496572733,-0.06390593849583211
ORD000046,2025-09-25,Enterprise,Standard,Industrial,88.33,Mumbai,Singapore,,SpeedyLogistics,3.0,5.0,Slightly-Delayed,Perfect,3.0,681.84,Mumbai-Singapore,3757.59,452.16,0.0,0.0,,213.48,211.78,97.14,35.63,59.12,63.86,50.41,,4.0,,1,2.0,0.4878048780487805,3.5121951219512195,0.5521951219512194,0.0,0.0,0.0,0.6285970847944846,731.42,0.19465135898275224,2,3,9,0,1,Mumbai,0.4548229548229548,0,0.1,0,1,8.31031050955414,-0.07271500645312673
ORD000047,2025-09-14,SMB,Express,Industrial,14542.31,Mumbai,Bangkok,Temperature_Controlled,QuickShip,1.0,1.0,On-Time,Perfect,4.0,166.22,Mumbai-Bangkok,4047.85,483.16,0.0,0.0,Light_Rain,65.31,47.07,20.49,8.42,8.99,15.02,8.54,,4.0,,0,0.0,0.7419354838709677,4.096774193548387,0.7651612903225806,0.0,0.3,0.12,0.7381251485495496,173.84,0.04294625541954371,3,6,9,1,0,Mumbai,0.4548229548229548,1,0.15,0,1,8.37786654524381,-0.04584285886174952
ORD000048,2025-10-20,Enterprise,Standard,Books,162.94,Delhi,Hyderabad,,EcoDeliver,3.0,3.0,On-Time,Perfect,5.0,598.64,Delhi-Hyderabad,1498.31,182.84,1198.65,21.0,,217.39,175.19,76.27,35.16,38.79,63.79,58.83,2025-10-25,5.0,Yes,0,0.0,0.625,4.0,0.6775,0.17796610169491525,0.0,0.10677966101694915,0.4919634910160138,665.42,0.4441137014369523,2,0,10,0,0,Delhi,0.49547920433996384,0,0.1,0,0,8.194651061036971,-0.11155285313376984
ORD000049,2025-09-09,Individual,Standard,Fashion,293.0,Delhi,Hong Kong,,GlobalTransit,5.0,5.0,On-Time,Major_Damage,3.0,452.68,Delhi-Hong Kong,2359.86,287.35,0.0,0.0,Light_Rain,138.09,153.48,58.33,35.4,33.96,37.47,24.67,2025-09-16,3.0,Yes,0,0.0,0.36363636363636365,3.090909090909091,0.43999999999999995,0.0,0.3,0.12,0.5450750927145174,481.3999999999999,0.20399515225479473,2,1,9,0,0,Delhi,1.0,0,0.25,1,1,8.212493474856446,-0.06344437571794626
ORD000050,2025-09-26,Individual,Economy,Food & Beverage,512.5,Kolkata,Delhi,,SpeedyLogistics,5.0,5.0,On-Time,Wrong_Item,4.0,616.12,Kolkata-Delhi,782.46,90.48,625.97,33.0,,221.86,175.04,89.87,43.33,35.22,66.9,39.84,,4.0,,0,0.0,0.4878048780487805,3.5121951219512195,0.5521951219512194,0.2796610169491525,0.0,0.16779661016949152,0.4507438420118566,672.0600000000001,0.8589065255731922,1,4,9,0,1,Kolkata,1.0,0,0.25,1,0,8.64787798408488,-0.0907940011686036
ORD000051,2025-09-02,Enterprise,Economy,Food & Beverage,794.15,Delhi,Pune,,QuickShip,10.0,10.0,On-Time,Perfect,5.0,920.14,Delhi-Pune,1170.25,135.97,936.2,75.0,,324.39,294.25,133.43,82.45,77.12,98.63,89.53,,4.0,,0,0.0,0.7419354838709677,4.096774193548387,0.7651612903225806,0.635593220338983,0.0,0.3813559322033898,0.4760685202300684,1099.8,0.9397991882076479,1,1,9,0,0,Delhi,0.38801261829652994,0,0.1,0,0,8.606677943664044,-0.19525289629838935
ORD000052,2025-09-20,SMB,Economy,Home Goods,1059.66,Chennai,Hyderabad,Temperature_Controlled,ReliableExpress,7.0,8.0,Slightly-Delayed,Perfect,3.0,765.07,Chennai-Hyderabad,274.67,29.85,219.74,92.0,,252.15,191.35,86.91,46.59,63.57,80.6,60.96,2025-09-30,3.0,Yes,1,1.0,0.475,3.575,0.5469999999999999,0.7796610169491526,0.0,0.46779661016949153,0.4234071913659083,782.1300000000001,2.847526122255798,1,5,9,1,0,Chennai,1.0,0,0.15,0,0,9.201675041876047,-0.022298613198792342
ORD000053,2025-09-28,Individual,Standard,Books,1125.45,Bangalore,Hyderabad,Temperature_Controlled,ReliableExpress,3.0,3.0,On-Time,Perfect,5.0,286.91,Bangalore-Hyderabad,569.49,70.41,455.59,86.0,,86.54,92.64,33.33,23.89,22.33,26.89,16.28,2025-10-04,5.0,Yes,0,0.0,0.475,3.575,0.5469999999999999,0.7288135593220338,0.0,0.4372881355932203,0.44171717724191745,301.9,0.5301234437830339,2,6,9,1,1,Bangalore,1.0,0,0.25,0,0,8.088197699190456,-0.052246349029312154
ORD000054,2025-10-17,SMB,Express,Healthcare,324.8,Bangalore,Mumbai,,EcoDeliver,2.0,3.0,Slightly-Delayed,Perfect,3.0,488.53,Bangalore-Mumbai,893.85,105.67,715.08,43.0,Light_Rain,151.17,162.75,71.29,40.3,26.95,46.94,42.23,,4.0,,1,1.0,0.625,4.0,0.6775,0.3644067796610169,0.3,0.33864406779661016,0.4563101349829967,541.63,0.6059517816188398,3,4,10,0,0,Bangalore,1.0,0,0.15,0,0,8.45888142329895,-0.10869342722043687
ORD000055,2025-09-07,SMB,Economy,Fashion,1099.0,Hyderabad,Delhi,Fragile,GlobalTransit,7.0,12.0,Severely-Delayed,Perfect,3.0,919.83,Hyderabad-Delhi,637.66,72.54,510.13,64.0,,347.68,240.83,91.98,78.74,62.39,82.95,46.58,2025-09-22,3.0,No,1,5.0,0.36363636363636365,3.090909090909091,0.43999999999999995,0.5423728813559322,0.0,0.3254237288135593,0.4456859872114755,951.1500000000001,1.491625631214127,1,6,9,1,0,,1.0,0,0.15,0,0,8.790460435621725,-0.03404977006620794
ORD000056,2025-10-14,Enterprise,Economy,Books,303.74,Delhi,Singapore,,SpeedyLogistics,7.0,7.0,On-Time,Perfect,5.0,810.13,Delhi-Singapore,3694.95,447.06,0.0,0.0,,286.81,271.49,119.8,63.42,61.35,67.57,62.74,,4.0,,0,0.0,0.4878048780487805,3.5121951219512195,0.5521951219512194,0.0,0.0,0.0,0.6261654724616279,933.1799999999998,0.252555514959607,1,1,10,0,0,Delhi,0.49547920433996384,0,0.1,0,1,8.264997986847403,-0.15188920296742478
ORD000057,2025-09-08,Enterprise,Economy,Fashion,961.94,Kolkata,Bangalore,,EcoDeliver,10.0,10.0,On-Time,Perfect,5.0,761.7,Kolkata-Bangalore,1642.24,201.5,1313.79,82.0,Heavy_Rain,257.45,236.67,90.97,47.24,41.7,70.53,41.77,,4.0,,0,0.0,0.625,4.0,0.6775,0.6949152542372882,0.7,0.6969491525423729,0.5057789726838657,786.33,0.4788155202650039,1,0,9,0,0,Kolkata,1.0,0,0.1,0,0,8.150074441687345,-0.03233556518314296
ORD000058,2025-10-17,Individual,Standard,Fashion,850.6,Delhi,Hong Kong,,ReliableExpress,4.0,4.0,On-Time,Incomplete,3.0,428.43,Delhi-Hong Kong,3131.95,380.48,0.0,0.0,,136.11,149.41,52.36,32.81,40.14,51.34,33.9,,4.0,,0,0.0,0.475,3.575,0.5469999999999999,0.0,0.0,0.0,0.5954764064657668,496.06999999999994,0.1583901403279107,2,4,10,0,0,Delhi,1.0,0,0.25,1,1,8.23157590412111,-0.1578787666596642
ORD000059,2025-10-05,Individual,Standard,Fashion,1266.83,Delhi,Chennai,,GlobalTransit,3.0,7.0,Severely-Delayed,Perfect,1.0,749.94,Delhi-Chennai,1267.93,152.09,1014.35,32.0,Heavy_Rain,285.91,212.0,86.46,52.6,62.71,80.46,49.32,,4.0,,1,4.0,0.36363636363636365,3.090909090909091,0.43999999999999995,0.2711864406779661,0.7,0.4427118644067796,0.48500217038566246,829.4600000000002,0.6541843792638395,2,6,10,1,0,Delhi,1.0,0,0.25,0,0,8.336708527845355,-0.10603514947862508
ORD000060,2025-09-14,SMB,Economy,Books,1050.42,Pune,Singapore,,ReliableExpress,5.0,5.0,On-Time,Perfect,5.0,515.07,Pune-Singapore,4532.75,545.69,0.0,0.0,,161.38,161.34,54.81,40.65,43.61,55.64,45.16,2025-09-20,5.0,Yes,0,0.0,0.475,3.575,0.5469999999999999,0.0,0.0,0.0,0.681756867018813,562.59,0.12411670619381171,1,6,9,1,0,,1.0,0,0.15,0,1,8.306456046473272,-0.09225930456054512
ORD000061,2025-09-17,SMB,Standard,Home Goods,207.75,Mumbai,Singapore,Fragile,ReliableExpress,4.0,4.0,On-Time,Perfect,5.0,558.44,Mumbai-Singapore,2762.69,335.28,0.0,0.0,,216.28,167.53,76.23,45.21,33.13,45.25,35.87,,4.0,,0,0.0,0.475,3.575,0.5469999999999999,0.0,0.0,0.0,0.5689793725519557,619.5,0.22423797096308307,2,2,9,0,0,Mumbai,0.3589435774309724,0,0.15,0,1,8.23994869959437,-0.10934030513573516
ORD000062,2025-10-06,SMB,Economy,Food & Beverage,802.77,Mumbai,Bangalore,,QuickShip,5.0,5.0,On-Time,Perfect,4.0,608.58,Mumbai-Bangalore,573.35,65.1,458.68,67.0,Light_Rain,209.54,189.7,86.72,36.4,34.25,72.14,33.72,2025-10-14,4.0,Yes,0,0.0,0.7419354838709677,4.096774193548387,0.7651612903225806,0.5677966101694916,0.3,0.4606779661016949,0.4398994985089505,662.47,1.1554373419377344,1,0,10,0,0,Mumbai,1.0,0,0.15,0,0,8.807219662058372,-0.08855039600381212
ORD000063,2025-10-20,Individual,Economy,Food & Beverage,1075.03,Kolkata,Singapore,,ReliableExpress,7.0,9.0,Slightly-Delayed,Perfect,3.0,905.22,Kolkata-Singapore,2894.16,343.35,0.0,0.0,Light_Rain,314.88,279.31,115.03,49.15,47.84,76.24,71.77,2025-10-30,3.0,Yes,1,2.0,0.475,3.575,0.5469999999999999,0.0,0.3,0.12,0.5824728930650551,954.22,0.3297053376454654,1,0,10,0,0,Kolkata,1.0,0,0.25,0,1,8.429183049366534,-0.054130487616270075
ORD000064,2025-10-10,Individual,Standard,Home Goods,58.17,Mumbai,Bangkok,,GlobalTransit,4.0,5.0,Slightly-Delayed,Perfect,3.0,589.48,Mumbai-Bangkok,3932.45,467.38,0.0,0.0,,208.93,161.15,77.75,53.64,30.7,58.9,49.79,,4.0,,1,1.0,0.36363636363636365,3.090909090909091,0.43999999999999995,0.0,0.0,0.0,0.6390169570325187,640.86,0.16296710701979683,2,4,10,0,0,Mumbai,0.3589435774309724,0,0.25,0,1,8.413817450468569,-0.08716156612607721
ORD000065,2025-09-04,Individual,Economy,Fashion,267.45,Hyderabad,Mumbai,,QuickShip,7.0,7.0,On-Time,Perfect,5.0,650.86,Hyderabad-Mumbai,1726.56,207.19,1381.25,40.0,,211.68,182.75,85.06,61.76,58.9,67.25,56.31,,4.0,,0,0.0,0.7419354838709677,4.096774193548387,0.7651612903225806,0.3389830508474576,0.0,0.20338983050847456,0.5064797906888938,723.71,0.41916295987396907,1,3,9,0,0,,1.0,0,0.25,0,0,8.333220715285487,-0.11192883262145473
ORD000066,2025-09-02,Individual,Economy,Healthcare,1004.43,Delhi,Pune,Fragile,QuickShip,7.0,12.0,Severely-Delayed,Perfect,3.0,755.55,Delhi-Pune,288.66,35.98,230.93,98.0,,254.23,237.32,93.17,44.95,64.29,77.26,51.33,2025-09-18,3.0,Yes,1,5.0,0.7419354838709677,4.096774193548387,0.7651612903225806,0.8305084745762712,0.0,0.4983050847457627,0.42390498826123957,822.55,2.849546178895586,1,1,9,0,0,Delhi,1.0,0,0.25,0,0,8.022790439132853,-0.08867712262590166
ORD000067,2025-09-06,SMB,Express,Electronics,5239.28,Pune,Singapore,,ReliableExpress,1.0,1.0,On-Time,Perfect,5.0,196.3,Pune-Singapore,2157.07,261.52,0.0,0.0,,76.78,49.49,22.73,10.37,17.34,21.22,13.07,2025-09-07,5.0,Yes,0,0.0,0.475,3.575,0.5469999999999999,0.0,0.0,0.0,0.5642219560296813,211.0,0.09781787331890017,3,5,9,1,0,,1.0,1,0.15,0,1,8.248202814316306,-0.07488537952114105
ORD000068,2025-10-12,Enterprise,Economy,Books,1390.4,Kolkata,Bangalore,,ReliableExpress,7.0,7.0,On-Time,Perfect,4.0,511.73,Kolkata-Bangalore,1497.71,183.23,1198.16,15.0,,188.09,148.19,70.52,37.21,36.14,60.07,32.01,,4.0,,0,0.0,0.475,3.575,0.5469999999999999,0.1271186440677966,0.0,0.07627118644067796,0.49973252351802566,572.2299999999999,0.3820699601391457,1,6,10,1,0,Kolkata,0.05711086226203808,1,0.1,0,0,8.173934399388747,-0.11822640845758482
ORD000069,2025-09-04,Enterprise,Standard,Electronics,5759.28,Chennai,Singapore,,ReliableExpress,3.0,4.0,Slightly-Delayed,Perfect,3.0,368.74,Chennai-Singapore,4609.29,555.42,0.0,0.0,,115.06,113.74,54.75,25.4,19.58,34.5,27.76,,4.0,,1,1.0,0.475,3.575,0.5469999999999999,0.0,0.0,0.0,0.7163455617542814,390.78999999999996,0.08478312278029804,2,3,9,0,0,Chennai,1.0,1,0.1,0,1,8.298746894242196,-0.05979823181645592
ORD000070,2025-09-29,Individual,Economy,Home Goods,221.95,Pune,Mumbai,,SpeedyLogistics,10.0,15.0,Severely-Delayed,Perfect,1.0,1105.15,Pune-Mumbai,1453.61,176.97,1162.89,108.0,,349.44,349.02,165.65,80.22,74.86,106.13,61.62,,4.0,,1,5.0,0.4878048780487805,3.5121951219512195,0.5521951219512194,0.9152542372881356,0.0,0.5491525423728814,0.48962604548128963,1186.94,0.8165463913979679,1,0,9,0,1,,1.0,0,0.25,0,0,8.213878058427982,-0.07400805320544719
ORD000071,2025-09-18,SMB,Standard,Healthcare,587.15,Delhi,Bangkok,,ReliableExpress,5.0,5.0,On-Time,Perfect,5.0,646.39,Delhi-Bangkok,2409.8,290.69,0.0,0.0,Light_Rain,251.01,188.41,77.16,53.64,46.61,68.47,34.31,,4.0,,0,0.0,0.475,3.575,0.5469999999999999,0.0,0.3,0.12,0.5499762880913579,719.6099999999999,0.2986181425844468,2,3,9,0,0,Delhi,1.0,0,0.15,0,1,8.289930854174552,-0.11327526725351555
ORD000072,2025-09-26,Enterprise,Economy,Books,1351.0,Pune,Bangkok,,ReliableExpress,5.0,9.0,Severely-Delayed,Perfect,1.0,762.0,Pune-Bangkok,2946.88,355.07,0.0,0.0,,290.61,262.17,100.92,74.47,43.87,75.51,61.03,,4.0,,1,4.0,0.475,3.575,0.5469999999999999,0.0,0.0,0.0,0.5874271902030003,908.5799999999999,0.30831930719947875,1,4,9,0,1,,1.0,0,0.1,0,1,8.299433914439406,-0.19236220472440935
ORD000073,2025-10-14,Enterprise,Standard,Home Goods,12.31,Mumbai,Dubai,Fragile,ReliableExpress,3.0,8.0,Severely-Delayed,Perfect,2.0,831.61,Mumbai-Dubai,4139.62,493.75,0.0,0.0,Heavy_Rain,297.86,241.29,97.22,46.85,57.87,71.94,72.12,2025-10-25,2.0,Yes,1,5.0,0.475,3.575,0.5469999999999999,0.0,0.7,0.27999999999999997,0.6512977769475392,885.15,0.21382397418120505,2,1,10,0,0,Mumbai,0.3589435774309724,0,0.1,0,1,8.384040506329114,-0.06438114019792927
ORD000074,2025-10-04,SMB,Express,Fashion,3890.16,Bangalore,Bangkok,Temperature_Controlled,ReliableExpress,2.0,2.0,On-Time,Perfect,5.0,596.51,Bangalore-Bangkok,2862.23,342.15,0.0,0.0,,191.41,152.62,76.13,47.58,55.83,61.49,40.13,,4.0,,0,0.0,0.475,3.575,0.5469999999999999,0.0,0.0,0.0,0.5984366417123534,625.1899999999999,0.21842758967658082,3,5,10,1,0,Bangalore,1.0,1,0.15,0,1,8.36542452140874,-0.04807966337529958
ORD000075,2025-09-10,Enterprise,Economy,Food & Beverage,24.75,Delhi,Dubai,,ReliableExpress,10.0,15.0,Severely-Delayed,Perfect,3.0,1178.01,Delhi-Dubai,2334.54,280.3,0.0,0.0,,448.0,358.15,122.47,92.23,112.38,112.92,76.35,,4.0,,1,5.0,0.475,3.575,0.5469999999999999,0.0,0.0,0.0,0.541832700289194,1322.5,0.5664927566030139,1,2,9,0,0,Delhi,0.38801261829652994,0,0.1,0,1,8.328719229397073,-0.1226560046179574
ORD000076,2025-10-06,Enterprise,Express,Electronics,1799.76,Bangalore,Hyderabad,,QuickShip,2.0,2.0,On-Time,Perfect,5.0,477.95,Bangalore-Hyderabad,1520.32,177.58,1216.25,36.0,Heavy_Rain,150.24,126.73,58.14,38.13,25.82,56.2,41.94,2025-10-10,5.0,Yes,0,0.0,0.7419354838709677,4.096774193548387,0.7651612903225806,0.3050847457627119,0.7,0.4630508474576271,0.5037077767514695,497.2,0.32703641338665546,3,0,10,0,0,Bangalore,1.0,1,0.1,0,0,8.561324473476741,-0.04027617951668585
ORD000077,2025-09-14,SMB,Standard,Industrial,1130.31,Mumbai,Hong Kong,,QuickShip,3.0,3.0,On-Time,Perfect,5.0,463.0,Mumbai-Hong Kong,4514.8,543.87,0.0,0.0,Heavy_Rain,166.06,154.11,48.16,34.19,37.74,52.39,41.29,2025-09-20,5.0,Yes,0,0.0,0.7419354838709677,4.096774193548387,0.7651612903225806,0.0,0.7,0.27999999999999997,0.6811755646235849,533.94,0.11826437494462656,2,6,9,1,0,Mumbai,0.4548229548229548,0,0.15,0,1,8.301248460109953,-0.15321814254859623
ORD000078,2025-10-01,SMB,Economy,Industrial,12.07,Hyderabad,Chennai,,SpeedyLogistics,7.0,7.0,On-Time,Perfect,5.0,629.54,Hyderabad-Chennai,153.42,20.77,122.73,101.0,,206.3,216.62,66.87,59.02,62.04,54.82,54.21,2025-10-12,5.0,No,0,0.0,0.4878048780487805,3.5121951219512195,0.5521951219512194,0.8559322033898306,0.0,0.5135593220338983,0.4093872928321426,719.8800000000001,4.692217442315214,1,2,10,0,0,,1.0,0,0.15,0,0,7.3866153105440535,-0.14350160434603068
ORD000079,2025-10-18,SMB,Economy,Healthcare,13.02,Hyderabad,Bangkok,,GlobalTransit,7.0,8.0,Slightly-Delayed,Wrong_Item,2.0,533.76,Hyderabad-Bangkok,3785.4,449.35,0.0,0.0,,162.28,155.08,67.15,42.18,51.67,57.05,39.53,,4.0,,1,1.0,0.36363636363636365,3.090909090909091,0.43999999999999995,0.0,0.0,0.0,0.6298058814656478,574.9399999999999,0.15188355259681935,1,5,10,1,0,,1.0,0,0.15,1,1,8.424168243017691,-0.07715077937649871
ORD000080,2025-09-15,Enterprise,Standard,Fashion,3458.96,Pune,Hyderabad,,QuickShip,3.0,3.0,On-Time,Perfect,5.0,409.75,Pune-Hyderabad,1737.95,208.74,1390.36,101.0,Light_Rain,156.1,141.39,41.43,40.62,22.25,46.13,26.23,2025-09-20,5.0,Yes,0,0.0,0.7419354838709677,4.096774193548387,0.7651612903225806,0.8559322033898306,0.3,0.6335593220338983,0.5274658916998756,474.15000000000003,0.27282142754394545,2,0,9,0,0,,1.0,1,0.1,0,0,8.3259078279199,-0.15716900549115323
ORD000081,2025-09-08,Individual,Standard,Electronics,2495.1,Mumbai,Ahmedabad,,ReliableExpress,5.0,7.0,Slightly-Delayed,Perfect,3.0,814.05,Mumbai-Ahmedabad,873.36,102.48,698.69,80.0,,254.98,239.32,107.62,56.21,42.92,84.64,77.43,,4.0,,1,2.0,0.475,3.575,0.5469999999999999,0.6779661016949152,0.0,0.4067796610169491,0.46886765062855323,863.1199999999999,0.9882751671704679,2,0,9,0,0,Mumbai,1.0,1,0.25,0,0,8.52224824355972,-0.06027885265032853
ORD000082,2025-09-14,Enterprise,Standard,Fashion,107.63,Chennai,Hyderabad,,SpeedyLogistics,5.0,6.0,Slightly-Delayed,Perfect,3.0,723.21,Chennai-Hyderabad,1759.22,207.36,1407.38,52.0,,244.68,196.45,88.32,37.91,65.83,81.76,57.42,2025-09-23,3.0,Yes,1,1.0,0.4878048780487805,3.5121951219512195,0.5521951219512194,0.4406779661016949,0.0,0.26440677966101694,0.5074455165076451,772.37,0.43904116597128273,2,6,9,1,0,Chennai,1.0,0,0.1,0,0,8.483892746913579,-0.06797472380083235
ORD000083,2025-09-23,SMB,Standard,Electronics,107.47,Bangalore,Bangkok,,SpeedyLogistics,5.0,10.0,Severely-Delayed,Perfect,2.0,686.42,Bangalore-Bangkok,3147.74,376.41,0.0,0.0,,230.16,226.5,87.68,62.67,55.99,76.45,54.86,2025-10-04,2.0,Yes,1,5.0,0.4878048780487805,3.5121951219512195,0.5521951219512194,0.0,0.0,0.0,0.5917090684016977,794.31,0.25234295081550573,2,1,9,0,0,Bangalore,1.0,0,0.15,0,1,8.362530219707233,-0.15717782115905712
ORD000084,2025-10-10,Individual,Standard,Healthcare,870.36,Delhi,Hong Kong,,ReliableExpress,4.0,4.0,On-Time,Perfect,5.0,486.64,Delhi-Hong Kong,3306.52,395.1,0.0,0.0,,166.15,168.28,61.83,39.06,29.7,51.11,38.24,2025-10-15,5.0,Yes,0,0.0,0.475,3.575,0.5469999999999999,0.0,0.0,0.0,0.6061961219380992,554.37,0.16765965425885826,2,4,10,0,0,Delhi,1.0,0,0.25,0,1,8.368818020754238,-0.13917885911556802
ORD000085,2025-09-21,SMB,Standard,Healthcare,395.79,Delhi,Dubai,,SpeedyLogistics,4.0,7.0,Severely-Delayed,Perfect,1.0,776.69,Delhi-Dubai,4217.08,503.28,0.0,0.0,,247.36,198.8,101.14,68.49,59.16,69.18,64.72,2025-10-01,1.0,Yes,1,3.0,0.4878048780487805,3.5121951219512195,0.5521951219512194,0.0,0.0,0.0,0.6584371191703952,808.8500000000001,0.1918033331120112,2,6,9,1,0,Delhi,1.0,0,0.15,0,1,8.379192497218249,-0.0414064813503458
ORD000086,2025-09-16,Individual,Economy,Industrial,1961.75,Delhi,Chennai,,SpeedyLogistics,7.0,10.0,Severely-Delayed,Perfect,1.0,626.95,Delhi-Chennai,1070.1,129.09,856.08,116.0,,193.11,184.44,67.82,37.13,37.69,59.85,32.95,2025-09-26,1.0,Yes,1,3.0,0.4878048780487805,3.5121951219512195,0.5521951219512194,0.9830508474576272,0.0,0.5898305084745763,0.4774155498532963,612.9900000000001,0.5728343145500422,1,1,9,0,0,Delhi,1.0,1,0.25,0,0,8.289565419474783,0.022266528431294237
ORD000087,2025-10-15,SMB,Economy,Fashion,828.3,Chennai,Ahmedabad,,SpeedyLogistics,10.0,10.0,On-Time,Perfect,4.0,754.96,Chennai-Ahmedabad,1756.13,214.21,1404.9,72.0,,256.52,227.37,93.74,52.2,69.42,64.79,56.84,2025-10-29,4.0,Yes,0,0.0,0.4878048780487805,3.5121951219512195,0.5521951219512194,0.6101694915254238,0.0,0.36610169491525424,0.5118407508752186,820.88,0.4674369209568767,1,2,10,0,0,Chennai,1.0,0,0.15,0,0,8.198170020073759,-0.08731588428526009
ORD000088,2025-09-18,SMB,Economy,Books,4335.3,Bangalore,Hong Kong,Fragile,SpeedyLogistics,5.0,5.0,On-Time,Perfect,4.0,690.74,Bangalore-Hong Kong,4489.29,539.78,0.0,0.0,,211.51,177.6,88.89,54.09,64.86,70.67,67.69,,4.0,,0,0.0,0.4878048780487805,3.5121951219512195,0.5521951219512194,0.0,0.0,0.0,0.7000080493979314,735.31,0.1637920472947838,1,3,9,0,0,Bangalore,1.0,1,0.15,0,1,8.31688836192523,-0.06452500217158401
ORD000089,2025-10-17,Enterprise,Express,Industrial,1728.69,Bangalore,Hong Kong,,SpeedyLogistics,1.0,2.0,Slightly-Delayed,Perfect,3.0,361.56,Bangalore-Hong Kong,2621.28,311.08,0.0,0.0,Heavy_Rain,110.23,93.93,36.95,21.43,27.86,38.26,18.9,,4.0,,1,1.0,0.4878048780487805,3.5121951219512195,0.5521951219512194,0.0,0.7,0.27999999999999997,0.5700693693558548,347.56,0.13259171091985594,3,4,10,0,0,Bangalore,1.0,1,0.1,0,1,8.426385495692427,0.03872109746653391
ORD000090,2025-09-24,SMB,Standard,Fashion,1189.35,Mumbai,Bangkok,Hazmat,GlobalTransit,4.0,5.0,Slightly-Delayed,Perfect,3.0,381.05,Mumbai-Bangkok,4130.41,500.02,0.0,0.0,,150.36,127.35,43.76,20.52,22.29,32.42,21.4,2025-10-03,3.0,No,1,1.0,0.36363636363636365,3.090909090909091,0.43999999999999995,0.0,0.0,0.0,0.658223675890782,418.1,0.10122481787522306,2,2,9,0,0,Mumbai,1.0,0,0.15,0,1,8.260489580416783,-0.09723133447054196
ORD000091,2025-09-26,Enterprise,Express,Industrial,237.89,Mumbai,Hyderabad,,GlobalTransit,1.0,5.0,Severely-Delayed,Perfect,1.0,567.01,Mumbai-Hyderabad,904.78,104.17,723.83,43.0,,199.51,155.69,66.85,56.4,47.75,66.88,32.39,2025-10-05,1.0,Yes,1,4.0,0.36363636363636365,3.090909090909091,0.43999999999999995,0.3644067796610169,0.0,0.21864406779661014,0.4564207770574888,625.4699999999999,0.6912951214659917,3,4,9,0,1,Mumbai,0.4548229548229548,0,0.1,0,0,8.685610060478064,-0.10310223805576607
ORD000092,2025-09-25,Enterprise,Standard,Books,213.15,Mumbai,Ahmedabad,Fragile,EcoDeliver,5.0,5.0,On-Time,Major_Damage,4.0,694.7,Mumbai-Ahmedabad,1728.24,211.82,1382.59,4.0,,234.96,212.21,72.14,34.88,58.02,73.41,49.0,2025-10-02,4.0,Yes,0,0.0,0.625,4.0,0.6775,0.03389830508474576,0.0,0.020338983050847456,0.5062364493261694,734.62,0.4250682775540434,2,3,9,0,1,Mumbai,1.0,0,0.1,1,0,8.159002927013502,-0.057463653375557734
ORD000093,2025-10-15,Individual,Standard,Food & Beverage,373.29,Ahmedabad,Delhi,,QuickShip,4.0,8.0,Severely-Delayed,Perfect,1.0,736.11,Ahmedabad-Delhi,1206.63,146.24,965.3,31.0,,256.88,214.61,74.49,49.15,43.32,61.79,72.02,2025-10-26,1.0,Yes,1,4.0,0.7419354838709677,4.096774193548387,0.7651612903225806,0.2627118644067797,0.0,0.1576271186440678,0.47560004127276867,772.26,0.6400139230750105,2,2,10,0,0,,1.0,0,0.25,0,0,8.251025711159738,-0.0491095080898235
ORD000094,2025-10-11,SMB,Economy,Food & Beverage,6383.13,Mumbai,Kolkata,Fragile,ReliableExpress,10.0,11.0,Slightly-Delayed,Perfect,3.0,740.51,Mumbai-Kolkata,721.66,83.85,577.33,107.0,,266.54,239.09,85.73,51.58,45.8,62.11,43.65,,4.0,,1,1.0,0.475,3.575,0.5469999999999999,0.9067796610169492,0.0,0.5440677966101695,0.4843855583133472,794.5,1.100933957819472,1,5,10,1,0,Mumbai,1.0,1,0.15,0,0,8.606559332140728,-0.07290921121929482
ORD000095,2025-09-29,Individual,Standard,Food & Beverage,219.33,Mumbai,Bangalore,Fragile,SpeedyLogistics,3.0,3.0,On-Time,Perfect,5.0,403.7,Mumbai-Bangalore,1623.33,198.27,1298.66,44.0,,153.31,128.28,51.41,29.77,38.8,33.47,25.85,,4.0,,0,0.0,0.4878048780487805,3.5121951219512195,0.5521951219512194,0.3728813559322034,0.0,0.22372881355932203,0.49990911600342025,460.89,0.28391639407883795,2,0,9,0,1,Mumbai,1.0,0,0.25,0,0,8.187471629596004,-0.1416646024275452
ORD000096,2025-09-15,SMB,Express,Food & Beverage,596.33,Delhi,Ahmedabad,,SpeedyLogistics,2.0,2.0,On-Time,Perfect,5.0,380.05,Delhi-Ahmedabad,1768.81,212.53,1415.05,67.0,,127.31,124.75,56.87,23.58,35.62,43.03,23.27,2025-09-21,5.0,Yes,0,0.0,0.4878048780487805,3.5121951219512195,0.5521951219512194,0.5677966101694916,0.0,0.34067796610169493,0.5111351548629147,434.42999999999995,0.24560580277135474,3,0,9,0,0,Delhi,0.38801261829652994,0,0.15,0,0,8.322636804215875,-0.1430864359952636
ORD000097,2025-10-15,Individual,Express,Home Goods,13.91,Kolkata,Delhi,,ReliableExpress,1.0,2.0,Slightly-Delayed,Perfect,3.0,431.71,Kolkata-Delhi,1246.02,147.12,996.82,48.0,Heavy_Rain,146.75,125.61,64.29,25.49,38.84,40.31,37.36,2025-10-20,3.0,No,1,1.0,0.475,3.575,0.5469999999999999,0.4067796610169492,0.7,0.5240677966101694,0.4757051816450545,478.65000000000003,0.3841431116675495,3,2,10,0,0,Kolkata,1.0,0,0.25,0,0,8.469412724306688,-0.10873039772069226
ORD000098,2025-09-01,SMB,Economy,Electronics,1111.77,Ahmedabad,Bangkok,,SpeedyLogistics,5.0,9.0,Severely-Delayed,Perfect,3.0,853.74,Ahmedabad-Bangkok,3012.02,363.69,0.0,0.0,,291.98,262.81,120.92,77.01,79.67,70.34,72.23,2025-09-13,3.0,Yes,1,4.0,0.4878048780487805,3.5121951219512195,0.5521951219512194,0.0,0.0,0.0,0.5898590471656728,974.9599999999999,0.3236897497360575,1,0,9,0,0,,1.0,0,0.15,0,1,8.281833429569138,-0.1419870218099186
ORD000099,2025-09-25,SMB,Standard,Home Goods,11917.91,Kolkata,Mumbai,,QuickShip,4.0,5.0,Slightly-Delayed,Perfect,4.0,389.55,Kolkata-Mumbai,203.07,26.27,162.46,25.0,,122.32,113.59,49.64,27.32,29.6,46.69,22.11,2025-10-01,4.0,Yes,1,1.0,0.7419354838709677,4.096774193548387,0.7651612903225806,0.211864406779661,0.0,0.1271186440677966,0.4881098748540952,411.27000000000004,2.0252622248485745,2,3,9,0,1,Kolkata,1.0,1,0.15,0,0,7.7301103920822225,-0.055756642279553396
ORD000100,2025-09-07,SMB,Express,Home Goods,99.44,Chennai,Dubai,,QuickShip,2.0,2.0,On-Time,Perfect,5.0,555.86,Chennai-Dubai,2023.52,244.13,0.0,0.0,,204.3,160.98,59.28,32.2,54.18,64.03,53.0,2025-09-09,5.0,Yes,0,0.0,0.7419354838709677,4.096774193548387,0.7651612903225806,0.0,0.0,0.0,0.5234329066920125,627.9699999999999,0.3103354550486281,3,6,9,1,0,Chennai,1.0,0,0.15,0,1,8.288698644164993,-0.1297269096535097
ORD000101,2025-09-09,Enterprise,Express,Home Goods,47177.07,Bangalore,Mumbai,,QuickShip,2.0,2.0,On-Time,Perfect,5.0,204.92,Bangalore-Mumbai,328.27,43.97,262.61,26.0,Light_Rain,81.79,55.5,24.13,17.1,15.2,19.82,13.91,2025-09-13,5.0,Yes,0,0.0,0.7419354838709677,4.096774193548387,0.7651612903225806,0.22033898305084745,0.3,0.2522033898305085,0.7199215929020942,227.45,0.6928747677216925,3,1,9,0,0,Bangalore,1.0,1,0.1,0,0,7.46577211735274,-0.10994534452469258
ORD000102,2025-09-24,Individual,Economy,Food & Beverage,530.26,Mumbai,Singapore,,SpeedyLogistics,5.0,7.0,Slightly-Delayed,Perfect,4.0,598.02,Mumbai-Singapore,3062.8,372.03,0.0,0.0,Fog,214.92,183.93,64.63,44.01,46.45,61.48,36.18,2025-10-04,4.0,Yes,1,2.0,0.4878048780487805,3.5121951219512195,0.5521951219512194,0.0,0.5,0.2,0.5892428785720173,651.6,0.21274650646467283,1,2,9,0,0,Mumbai,1.0,0,0.25,0,1,8.232669408381046,-0.08959566569679951
ORD000103,2025-09-01,Enterprise,Express,Books,8.5,Pune,Delhi,,GlobalTransit,1.0,2.0,Slightly-Delayed,Perfect,3.0,210.97,Pune-Delhi,1155.54,142.95,924.44,61.0,,78.95,53.27,24.84,18.78,16.5,19.08,17.88,2025-09-06,3.0,Yes,1,1.0,0.36363636363636365,3.090909090909091,0.43999999999999995,0.5169491525423728,0.0,0.31016949152542367,0.4701798550212881,229.3,0.19843536355297092,3,0,9,0,0,,1.0,0,0.1,0,0,8.083525708289612,-0.08688439114566059
ORD000104,2025-10-14,Enterprise,Economy,Healthcare,226.26,Kolkata,Singapore,Fragile,QuickShip,5.0,5.0,On-Time,Perfect,5.0,507.19,Kolkata-Singapore,3639.73,436.1,0.0,0.0,,180.93,167.18,69.36,40.83,37.74,43.28,31.99,,4.0,,0,0.0,0.7419354838709677,4.096774193548387,0.7651612903225806,0.0,0.0,0.0,0.6223216609702491,571.3100000000001,0.1569649397070662,1,1,10,0,0,Kolkata,1.0,0,0.1,0,1,8.34609034625086,-0.1264220509079439
ORD000105,2025-09-08,SMB,Economy,Healthcare,2968.04,Chennai,Bangalore,,SpeedyLogistics,10.0,10.0,On-Time,Perfect,5.0,810.33,Chennai-Bangalore,381.77,45.27,305.42,43.0,Heavy_Rain,277.06,251.15,101.85,52.19,40.78,80.91,52.09,,4.0,,0,0.0,0.4878048780487805,3.5121951219512195,0.5521951219512194,0.3644067796610169,0.7,0.4986440677966101,0.4420421564649446,856.03,2.2422662859837077,1,0,9,0,0,Chennai,1.0,1,0.15,0,0,8.43317870554451,-0.056396776621870016
ORD000106,2025-09-24,Enterprise,Express,Electronics,8094.79,Kolkata,Pune,Hazmat,ReliableExpress,1.0,4.0,Severely-Delayed,Perfect,1.0,504.67,Kolkata-Pune,1246.39,145.94,997.11,74.0,Light_Rain,188.47,127.38,65.22,48.99,29.63,49.89,27.54,2025-10-01,1.0,Yes,1,3.0,0.475,3.575,0.5469999999999999,0.6271186440677966,0.3,0.49627118644067797,0.5271141249316099,537.12,0.4309405563266714,3,2,9,0,0,Kolkata,1.0,1,0.1,0,0,8.540427572975196,-0.06429944320050723
ORD000107,2025-09-11,Individual,Express,Food & Beverage,1184.59,Kolkata,Bangalore,,ReliableExpress,1.0,1.0,On-Time,Perfect,5.0,216.25,Kolkata-Bangalore,1551.43,183.59,1241.15,69.0,,78.41,65.97,26.03,16.45,20.51,19.0,11.06,2025-09-12,5.0,Yes,0,0.0,0.475,3.575,0.5469999999999999,0.5847457627118644,0.0,0.3508474576271186,0.5016838579108741,237.42999999999998,0.15303945392315474,3,3,9,0,0,Kolkata,1.0,0,0.25,0,0,8.45051473391797,-0.09794219653179181
ORD000108,2025-09-17,Individual,Economy,Food & Beverage,4236.07,Chennai,Ahmedabad,,EcoDeliver,10.0,10.0,On-Time,Perfect,4.0,858.3,Chennai-Ahmedabad,1182.12,141.84,945.69,55.0,Light_Rain,331.45,264.11,124.05,68.53,77.68,83.42,75.1,2025-09-29,4.0,No,0,0.0,0.625,4.0,0.6775,0.4661016949152542,0.3,0.3996610169491525,0.49867611337390727,1024.34,0.8665279328663756,1,2,9,0,0,Chennai,1.0,1,0.25,0,0,8.334179357021995,-0.19345217289991842
ORD000109,2025-09-08,Individual,Standard,Food & Beverage,68.95,Ahmedabad,Hong Kong,,SpeedyLogistics,3.0,3.0,On-Time,Perfect,5.0,267.91,Ahmedabad-Hong Kong,4943.43,593.91,0.0,0.0,,104.83,82.31,29.21,17.0,16.06,24.08,17.5,2025-09-14,5.0,Yes,0,0.0,0.4878048780487805,3.5121951219512195,0.5521951219512194,0.0,0.0,0.0,0.7004384545288633,290.99,0.05886398715062214,2,0,9,0,0,,1.0,0,0.25,0,1,8.323533868767996,-0.08614833339554322
ORD000110,2025-10-05,SMB,Standard,Industrial,145.42,Pune,Dubai,,ReliableExpress,5.0,10.0,Severely-Delayed,Perfect,2.0,904.76,Pune-Dubai,3310.99,398.25,0.0,0.0,,321.65,279.39,109.77,73.08,48.93,75.56,53.01,,4.0,,1,5.0,0.475,3.575,0.5469999999999999,0.0,0.0,0.0,0.6018574820683762,961.3899999999999,0.2903633052349901,2,6,10,1,0,,1.0,0,0.15,0,1,8.31384808537351,-0.06259118440249335
ORD000111,2025-10-05,Enterprise,Economy,Fashion,32.49,Chennai,Delhi,Fragile,QuickShip,10.0,10.0,On-Time,Perfect,5.0,978.66,Chennai-Delhi,1157.98,143.77,926.39,3.0,Light_Rain,344.3,265.61,111.73,68.52,88.66,78.84,80.71,2025-10-19,5.0,Yes,0,0.0,0.7419354838709677,4.096774193548387,0.7651612903225806,0.025423728813559324,0.3,0.1352542372881356,0.4704804832700521,1038.3700000000001,0.8967080605882659,1,6,10,1,0,Chennai,1.0,0,0.1,0,0,8.054392432357236,-0.061011995994523276
ORD000112,2025-10-03,Individual,Economy,Industrial,162.78,Chennai,Hyderabad,,GlobalTransit,10.0,10.0,On-Time,Perfect,4.0,735.91,Chennai-Hyderabad,1344.61,159.9,1075.69,16.0,Fog,270.0,242.75,107.91,37.54,42.45,84.96,53.67,2025-10-17,4.0,Yes,0,0.0,0.36363636363636365,3.090909090909091,0.43999999999999995,0.13559322033898305,0.5,0.28135593220338984,0.48263494187900086,839.28,0.6241809892831379,1,4,10,0,0,Chennai,0.6035031847133758,0,0.25,0,0,8.409068167604753,-0.1404655460586213
ORD000113,2025-09-05,SMB,Economy,Fashion,1265.06,Mumbai,Pune,Fragile,SpeedyLogistics,10.0,15.0,Severely-Delayed,Perfect,1.0,1056.9,Mumbai-Pune,986.48,123.15,789.19,118.0,,376.74,334.3,141.58,102.08,105.53,115.0,68.02,2025-09-20,1.0,Yes,1,5.0,0.4878048780487805,3.5121951219512195,0.5521951219512194,1.0,0.0,0.6,0.46791066901556216,1243.25,1.260289108750304,1,4,9,0,0,Mumbai,1.0,0,0.15,0,0,8.010393828664231,-0.17631753240609319
ORD000114,2025-10-12,Individual,Economy,Food & Beverage,555.01,Chennai,Kolkata,,ReliableExpress,7.0,7.0,On-Time,Perfect,5.0,601.56,Chennai-Kolkata,1552.18,188.99,1241.74,99.0,,233.39,153.35,67.11,57.07,37.78,53.43,34.23,2025-10-22,5.0,No,0,0.0,0.475,3.575,0.5469999999999999,0.8389830508474576,0.0,0.5033898305084745,0.4977258601436406,636.36,0.4099782241750312,1,6,10,1,0,Chennai,1.0,0,0.25,0,0,8.21302714429335,-0.05784959106323571
ORD000115,2025-10-09,Individual,Standard,Food & Beverage,1482.93,Mumbai,Kolkata,,SpeedyLogistics,3.0,3.0,On-Time,Perfect,5.0,252.68,Mumbai-Kolkata,1189.05,144.35,951.24,58.0,Fog,97.51,75.81,33.79,15.65,22.21,27.9,16.58,,4.0,,0,0.0,0.4878048780487805,3.5121951219512195,0.5521951219512194,0.4915254237288136,0.5,0.49491525423728816,0.481589395259038,289.45,0.24342962869517681,2,3,10,0,0,Mumbai,1.0,1,0.25,0,0,8.237270523034292,-0.14552002532847863
ORD000116,2025-10-11,Individual,Express,Industrial,99.01,Bangalore,Kolkata,,GlobalTransit,2.0,2.0,On-Time,Minor_Damage,4.0,354.35,Bangalore-Kolkata,1398.08,171.32,1118.47,43.0,,120.86,96.02,52.74,29.16,34.28,32.65,31.57,,4.0,,0,0.0,0.36363636363636365,3.090909090909091,0.43999999999999995,0.3644067796610169,0.0,0.21864406779661014,0.48547434002630035,397.28000000000003,0.28416113527122916,3,5,10,1,0,Bangalore,1.0,0,0.25,1,0,8.160635068876955,-0.12115140397911671
ORD000117,2025-09-28,Enterprise,Economy,Industrial,108.5,Ahmedabad,Delhi,,SpeedyLogistics,5.0,5.0,On-Time,Perfect,4.0,666.69,Ahmedabad-Delhi,115.37,12.41,92.29,27.0,,251.07,212.78,98.86,46.45,37.69,71.25,57.65,,4.0,,0,0.0,0.4878048780487805,3.5121951219512195,0.5521951219512194,0.2288135593220339,0.0,0.13728813559322034,0.40769136782511833,775.7500000000001,6.7240183756609175,1,6,9,1,1,,1.0,0,0.1,0,0,9.296535052377115,-0.16358427455039082
ORD000118,2025-09-07,SMB,Standard,Fashion,548.35,Bangalore,Kolkata,,ReliableExpress,4.0,4.0,On-Time,Perfect,5.0,538.4,Bangalore-Kolkata,1178.42,138.63,942.73,103.0,Light_Rain,192.48,145.74,67.42,35.32,38.43,56.97,46.98,2025-09-14,5.0,No,0,0.0,0.475,3.575,0.5469999999999999,0.8728813559322034,0.3,0.643728813559322,0.47500128234776345,583.34,0.4950187539247467,2,6,9,1,0,Bangalore,1.0,0,0.15,0,0,8.500468873981102,-0.08346953937592878
ORD000119,2025-09-09,Individual,Standard,Healthcare,163.37,Bangalore,Bangkok,,ReliableExpress,3.0,7.0,Severely-Delayed,Perfect,1.0,490.5,Bangalore-Bangkok,4186.58,498.34,0.0,0.0,,158.54,142.51,55.65,29.4,43.74,57.08,33.6,2025-09-18,1.0,Yes,1,4.0,0.475,3.575,0.5469999999999999,0.0,0.0,0.0,0.6551082138526436,520.5199999999999,0.12433059920030189,2,1,9,0,0,Bangalore,1.0,0,0.25,0,1,8.401051490949953,-0.0612028542303769
ORD000120,2025-09-08,SMB,Economy,Fashion,2843.45,Delhi,Mumbai,,ReliableExpress,5.0,5.0,On-Time,Perfect,5.0,688.86,Delhi-Mumbai,149.59,17.76,119.67,12.0,,258.41,234.01,98.03,40.74,67.38,65.49,46.13,2025-09-15,5.0,Yes,0,0.0,0.475,3.575,0.5469999999999999,0.1016949152542373,0.0,0.061016949152542375,0.4271596692708173,810.19,5.416070592954075,1,0,9,0,0,Delhi,1.0,1,0.15,0,0,8.42286036036036,-0.1761315797114073
ORD000121,2025-09-12,Enterprise,Express,Industrial,157.41,Mumbai,Pune,,GlobalTransit,1.0,1.0,On-Time,Perfect,4.0,362.43,Mumbai-Pune,1632.35,192.42,1305.88,118.0,Heavy_Rain,110.99,108.23,38.22,22.63,23.86,40.72,33.99,,4.0,,0,0.0,0.36363636363636365,3.090909090909091,0.43999999999999995,1.0,0.7,0.8799999999999999,0.5000627586020798,378.64,0.23196005758568936,3,4,9,0,0,Mumbai,0.4548229548229548,0,0.1,0,0,8.483265772788691,-0.04472587810059868
ORD000122,2025-10-04,SMB,Standard,Books,191.89,Kolkata,Mumbai,,SpeedyLogistics,3.0,3.0,On-Time,Perfect,5.0,586.69,Kolkata-Mumbai,1788.53,210.07,1430.83,92.0,,193.75,197.05,83.82,51.77,33.64,63.14,57.06,,4.0,,0,0.0,0.4878048780487805,3.5121951219512195,0.5521951219512194,0.7796610169491526,0.0,0.46779661016949153,0.5097600521437496,680.23,0.38032909707972473,2,5,10,1,0,Kolkata,0.05711086226203808,0,0.15,0,0,8.513971533298424,-0.15943684058020413
ORD000123,2025-10-03,Individual,Express,Industrial,756.16,Mumbai,Hong Kong,,QuickShip,2.0,2.0,On-Time,Minor_Damage,3.0,432.09,Mumbai-Hong Kong,3906.33,464.67,0.0,0.0,,159.12,122.35,54.02,35.56,32.64,36.64,28.35,,4.0,,0,0.0,0.7419354838709677,4.096774193548387,0.7651612903225806,0.0,0.0,0.0,0.6418703562048137,468.68,0.1199796228173247,3,4,10,0,0,Mumbai,0.4548229548229548,0,0.25,1,1,8.406675705339273,-0.08468143210905144
ORD000124,2025-10-18,SMB,Standard,Books,224.99,Mumbai,Pune,,QuickShip,5.0,5.0,On-Time,Perfect,5.0,573.88,Mumbai-Pune,198.09,23.22,158.48,89.0,,218.21,192.91,61.33,56.02,38.13,61.11,50.27,2025-10-27,5.0,Yes,0,0.0,0.7419354838709677,4.096774193548387,0.7651612903225806,0.7542372881355932,0.0,0.4525423728813559,0.41345212647106616,677.98,3.4225856933717,2,5,10,1,0,Mumbai,1.0,0,0.15,0,0,8.531007751937985,-0.18139680769498853
ORD000125,2025-09-23,SMB,Express,Electronics,63.28,Delhi,Mumbai,,SpeedyLogistics,2.0,3.0,Slightly-Delayed,Perfect,3.0,292.1,Delhi-Mumbai,1438.83,170.17,1151.07,83.0,,111.35,100.65,33.78,27.14,16.53,31.61,25.44,2025-09-28,3.0,Yes,1,1.0,0.4878048780487805,3.5121951219512195,0.5521951219512194,0.7033898305084746,0.0,0.42203389830508475,0.4877201114776117,346.50000000000006,0.24082066679176836,3,1,9,0,0,Delhi,0.12256586483390607,0,0.15,0,0,8.45525063172122,-0.18623758986648417
ORD000126,2025-09-24,Enterprise,Express,Industrial,77.55,Kolkata,Pune,,ReliableExpress,1.0,2.0,Slightly-Delayed,Perfect,3.0,266.94,Kolkata-Pune,806.53,100.26,645.22,0.0,,98.17,73.47,38.35,15.6,14.06,29.02,19.69,,4.0,,1,1.0,0.475,3.575,0.5469999999999999,0.0,0.0,0.0,0.4494387122943472,288.35999999999996,0.35753164792382175,3,2,9,0,0,Kolkata,0.38835978835978835,0,0.1,0,0,8.044384600039896,-0.0802427511800403
ORD000127,2025-10-07,SMB,Express,Electronics,903.84,Kolkata,Hong Kong,,EcoDeliver,2.0,2.0,On-Time,Perfect,5.0,588.81,Kolkata-Hong Kong,4754.72,566.58,0.0,0.0,,226.64,169.78,63.84,54.07,45.6,51.56,50.65,,4.0,,0,0.0,0.625,4.0,0.6775,0.0,0.0,0.0,0.6942953680961914,662.14,0.13925951475586365,3,1,10,0,0,Kolkata,1.0,0,0.15,0,1,8.391965830068129,-0.12453932507939751
ORD000128,2025-10-05,Individual,Standard,Healthcare,52.56,Mumbai,Singapore,,ReliableExpress,3.0,4.0,Slightly-Delayed,Perfect,3.0,391.39,Mumbai-Singapore,2662.56,314.9,0.0,0.0,,137.42,121.5,48.16,35.79,35.8,42.42,21.63,2025-10-09,3.0,Yes,1,1.0,0.475,3.575,0.5469999999999999,0.0,0.0,0.0,0.5619159659256951,442.71999999999997,0.1662760651403161,2,6,10,1,0,Mumbai,1.0,0,0.25,0,1,8.455255636710067,-0.1311479598354582
ORD000129,2025-10-14,Enterprise,Economy,Fashion,3280.49,Bangalore,Bangkok,,ReliableExpress,5.0,7.0,Slightly-Delayed,Perfect,3.0,840.98,Bangalore-Bangkok,2525.67,306.75,0.0,0.0,,322.84,266.68,113.41,57.31,79.02,91.68,46.78,,4.0,,1,2.0,0.475,3.575,0.5469999999999999,0.0,0.0,0.0,0.5741350522211554,977.72,0.38711312245859514,1,1,10,0,0,Bangalore,1.0,1,0.1,0,1,8.233643031784842,-0.16259601893029563
ORD000130,2025-10-10,SMB,Standard,Books,143.22,Bangalore,Delhi,,EcoDeliver,5.0,5.0,On-Time,Perfect,5.0,562.77,Bangalore-Delhi,1715.78,206.71,1372.62,10.0,,191.78,190.58,57.61,55.19,47.25,59.23,35.75,,4.0,,0,0.0,0.625,4.0,0.6775,0.0847457627118644,0.0,0.05084745762711864,0.5050356078170414,637.3900000000001,0.37148702048048127,2,4,10,0,0,Bangalore,1.0,0,0.15,0,0,8.300420879493009,-0.1325941325941328
ORD000131,2025-09-22,Individual,Economy,Fashion,1016.71,Chennai,Delhi,Temperature_Controlled,SpeedyLogistics,5.0,5.0,On-Time,Perfect,5.0,404.32,Chennai-Delhi,826.75,97.47,661.4,114.0,,131.36,139.17,46.46,35.89,28.16,34.6,20.43,,4.0,,0,0.0,0.4878048780487805,3.5121951219512195,0.5521951219512194,0.9661016949152542,0.0,0.5796610169491525,0.45663793409731934,436.07,0.5274508618082855,1,0,9,0,0,Chennai,1.0,0,0.25,0,0,8.482097055504259,-0.07852690937870993
ORD000132,2025-09-27,Individual,Standard,Electronics,156.71,Chennai,Kolkata,,QuickShip,5.0,6.0,Slightly-Delayed,Perfect,4.0,439.72,Chennai-Kolkata,700.19,87.96,560.15,70.0,Light_Rain,155.85,152.84,52.09,29.84,29.55,44.33,31.67,,4.0,,1,1.0,0.7419354838709677,4.096774193548387,0.7651612903225806,0.5932203389830508,0.3,0.4759322033898305,0.443488678507049,496.16999999999996,0.7086219454719432,2,5,9,1,1,Chennai,1.0,0,0.25,0,0,7.960322874033653,-0.1283771490948784
ORD000133,2025-10-05,SMB,Standard,Books,102.22,Delhi,Bangkok,,EcoDeliver,5.0,5.0,On-Time,Wrong_Item,4.0,433.55,Delhi-Bangkok,3202.83,386.97,0.0,0.0,Light_Rain,168.21,130.3,54.36,24.68,42.98,39.02,23.27,2025-10-12,4.0,No,0,0.0,0.625,4.0,0.6775,0.0,0.3,0.12,0.5950189087895779,482.82,0.15074793229737452,2,6,10,1,0,Delhi,0.49547920433996384,0,0.15,1,1,8.276688115357778,-0.11364317841079456
ORD000134,2025-09-01,Individual,Economy,Fashion,583.56,Bangalore,Chennai,,SpeedyLogistics,5.0,6.0,Slightly-Delayed,Perfect,3.0,770.25,Bangalore-Chennai,1611.11,193.78,1288.89,108.0,,282.15,238.42,93.01,54.77,68.75,67.65,70.1,,4.0,,1,1.0,0.4878048780487805,3.5121951219512195,0.5521951219512194,0.9152542372881356,0.0,0.5491525423728814,0.5014836720322936,874.8499999999999,0.5430107193177375,1,0,9,0,0,Bangalore,1.0,0,0.25,0,0,8.314119104138713,-0.13580006491398885
ORD000135,2025-10-05,SMB,Standard,Industrial,1954.08,Bangalore,Kolkata,,ReliableExpress,3.0,6.0,Severely-Delayed,Perfect,1.0,565.66,Bangalore-Kolkata,416.43,48.29,333.14,102.0,,206.4,165.11,69.52,35.54,49.56,56.86,37.36,,4.0,,1,3.0,0.475,3.575,0.5469999999999999,0.864406779661017,0.0,0.5186440677966102,0.4376977609203802,620.35,1.489686141728502,2,6,10,1,0,Bangalore,1.0,1,0.15,0,0,8.62352453924208,-0.09668352013577071
ORD000136,2025-10-07,Enterprise,Economy,Food & Beverage,278.37,Hyderabad,Ahmedabad,,QuickShip,5.0,10.0,Severely-Delayed,Perfect,1.0,758.17,Hyderabad-Ahmedabad,1181.27,140.4,945.02,14.0,Heavy_Rain,272.64,265.04,92.32,72.81,50.99,62.31,45.65,,4.0,,1,5.0,0.7419354838709677,4.096774193548387,0.7651612903225806,0.11864406779661017,0.7,0.35118644067796606,0.4734574305707552,861.7599999999999,0.7295199234721951,1,1,10,0,0,,1.0,0,0.1,0,0,8.413603988603988,-0.13663162615244592
ORD000137,2025-10-17,Individual,Express,Electronics,365.69,Bangalore,Bangkok,,QuickShip,2.0,2.0,On-Time,Perfect,5.0,325.28,Bangalore-Bangkok,3380.01,401.55,0.0,0.0,Light_Rain,111.2,88.46,32.53,31.15,29.99,35.68,18.99,,4.0,,0,0.0,0.7419354838709677,4.096774193548387,0.7651612903225806,0.0,0.3,0.12,0.6074467734267128,348.0,0.10295827527137492,3,4,10,0,0,Bangalore,1.0,0,0.25,0,1,8.41740754576018,-0.06984751598622733
ORD000138,2025-09-14,Individual,Economy,Fashion,1354.42,Delhi,Mumbai,Temperature_Controlled,ReliableExpress,10.0,13.0,Severely-Delayed,Incomplete,3.0,808.82,Delhi-Mumbai,180.99,23.99,144.79,92.0,Light_Rain,252.38,207.67,110.16,78.0,57.85,68.56,61.16,2025-09-29,3.0,Yes,1,3.0,0.475,3.575,0.5469999999999999,0.7796610169491526,0.3,0.5877966101694916,0.4195964550637755,835.7799999999999,4.6178241891817216,1,6,9,1,0,Delhi,1.0,0,0.25,1,0,7.544393497290539,-0.03333250908731214
ORD000139,2025-09-03,Individual,Express,Electronics,1423.38,Delhi,Pune,,EcoDeliver,1.0,4.0,Severely-Delayed,Perfect,1.0,495.14,Delhi-Pune,1212.91,142.06,970.32,56.0,,165.81,142.34,64.9,42.55,27.5,40.32,49.37,2025-09-07,1.0,No,1,3.0,0.625,4.0,0.6775,0.4745762711864407,0.0,0.2847457627118644,0.4826586980054967,532.79,0.43926589771706054,3,2,9,0,0,Delhi,0.12256586483390607,1,0.25,0,0,8.538012107560187,-0.07603910005251036
ORD000140,2025-09-01,Individual,Economy,Home Goods,380.8,Bangalore,Chennai,,ReliableExpress,10.0,10.0,On-Time,Perfect,4.0,652.02,Bangalore-Chennai,177.19,19.16,141.75,108.0,,210.78,166.51,71.39,33.87,45.37,73.09,43.73,2025-09-13,4.0,Yes,0,0.0,0.475,3.575,0.5469999999999999,0.9152542372881356,0.0,0.5491525423728814,0.413174575489752,644.74,3.638692928494836,1,0,9,0,0,Bangalore,1.0,0,0.25,0,0,9.247912317327765,0.0111653016778626
ORD000141,2025-09-05,SMB,Standard,Electronics,207.43,Kolkata,Bangkok,,SpeedyLogistics,4.0,6.0,Slightly-Delayed,Perfect,3.0,734.19,Kolkata-Bangkok,2383.6,288.69,0.0,0.0,,252.87,233.15,92.1,68.33,68.5,59.03,65.27,2025-09-15,3.0,No,1,2.0,0.4878048780487805,3.5121951219512195,0.5521951219512194,0.0,0.0,0.0,0.5459716513298958,839.25,0.3520934720590703,2,4,9,0,0,Kolkata,1.0,0,0.15,0,1,8.256607433579271,-0.14309647366485506
ORD000142,2025-09-26,SMB,Economy,Books,456.68,Bangalore,Hong Kong,,EcoDeliver,7.0,7.0,On-Time,Perfect,5.0,598.16,Bangalore-Hong Kong,3249.7,390.19,0.0,0.0,,207.01,208.69,74.27,59.42,52.48,53.8,46.01,2025-10-04,5.0,No,0,0.0,0.625,4.0,0.6775,0.0,0.0,0.0,0.6001173088625295,701.68,0.21592146967412376,1,4,9,0,1,Bangalore,1.0,0,0.15,0,1,8.328506624977575,-0.17306406312692255
ORD000143,2025-09-14,Individual,Express,Home Goods,302.97,Chennai,Ahmedabad,,SpeedyLogistics,1.0,2.0,Slightly-Delayed,Incomplete,1.0,349.92,Chennai-Ahmedabad,1754.23,207.77,1403.39,37.0,,139.69,117.49,36.7,29.85,23.54,28.09,24.56,2025-09-18,1.0,No,1,1.0,0.4878048780487805,3.5121951219512195,0.5521951219512194,0.3135593220338983,0.0,0.188135593220339,0.5083848615820167,399.92,0.22797466694789167,3,6,9,1,0,Chennai,1.0,0,0.25,1,0,8.443134234971362,-0.14288980338363053
ORD000144,2025-10-09,SMB,Standard,Books,645.14,Kolkata,Hong Kong,,GlobalTransit,3.0,5.0,Slightly-Delayed,Wrong_Item,2.0,539.6,Kolkata-Hong Kong,3312.45,401.32,0.0,0.0,,174.55,179.09,63.06,49.31,27.0,49.81,33.49,2025-10-16,2.0,Yes,1,2.0,0.36363636363636365,3.090909090909091,0.43999999999999995,0.0,0.0,0.0,0.6051238147146402,576.31,0.17398300351703422,2,3,10,0,0,Kolkata,0.05711086226203808,0,0.15,1,1,8.253887172331307,-0.06803187546330601
ORD000145,2025-09-27,Individual,Economy,Food & Beverage,67.26,Bangalore,Delhi,,QuickShip,10.0,10.0,On-Time,Perfect,5.0,777.65,Bangalore-Delhi,424.9,49.09,339.92,114.0,,251.46,199.72,85.04,60.48,50.21,75.2,53.54,2025-10-08,5.0,No,0,0.0,0.7419354838709677,4.096774193548387,0.7651612903225806,0.9661016949152542,0.0,0.5796610169491525,0.4262134476434005,775.6500000000001,1.8254883502000474,1,5,9,1,1,Bangalore,1.0,0,0.25,0,0,8.655530657975147,0.0025718510898217533
ORD000146,2025-09-09,Individual,Standard,Home Goods,611.41,Delhi,Bangalore,Temperature_Controlled,QuickShip,4.0,5.0,Slightly-Delayed,Perfect,3.0,747.94,Delhi-Bangalore,1361.22,166.83,1088.98,86.0,,289.89,254.7,93.23,49.74,41.39,88.36,39.65,2025-09-14,3.0,Yes,1,1.0,0.7419354838709677,4.096774193548387,0.7651612903225806,0.7288135593220338,0.0,0.4372881355932203,0.4864957942350041,856.9599999999999,0.6295529010740365,2,1,9,0,0,Delhi,1.0,0,0.25,0,0,8.159323862614638,-0.14576035510869836
ORD000147,2025-09-15,Individual,Standard,Industrial,137.35,Hyderabad,Chennai,,GlobalTransit,5.0,6.0,Slightly-Delayed,Perfect,3.0,618.15,Hyderabad-Chennai,1623.27,197.97,1298.62,111.0,Light_Rain,203.84,172.96,71.72,35.99,55.11,52.48,50.53,2025-09-21,3.0,No,1,1.0,0.36363636363636365,3.090909090909091,0.43999999999999995,0.940677966101695,0.3,0.6844067796610169,0.4993841622285879,642.63,0.3958860817978525,2,0,9,0,0,,1.0,0,0.25,0,0,8.199575693286862,-0.03960203834020872
ORD000148,2025-09-15,SMB,Standard,Electronics,1570.0,Delhi,Mumbai,,EcoDeliver,3.0,3.0,On-Time,Perfect,5.0,285.28,Delhi-Mumbai,408.74,47.76,326.99,46.0,Light_Rain,89.12,73.33,41.5,16.98,25.98,29.04,15.37,,4.0,,0,0.0,0.625,4.0,0.6775,0.3898305084745763,0.3,0.35389830508474573,0.43478870794478,291.32,0.7127269168664676,2,0,9,0,0,Delhi,0.12256586483390607,1,0.15,0,0,8.55820770519263,-0.021172181716208712
ORD000149,2025-09-26,SMB,Standard,Fashion,147.13,Bangalore,Chennai,,ReliableExpress,4.0,4.0,On-Time,Perfect,5.0,542.75,Bangalore-Chennai,1774.26,215.45,1419.41,84.0,,214.68,149.09,77.6,31.72,50.31,43.71,41.03,2025-10-04,5.0,Yes,0,0.0,0.475,3.575,0.5469999999999999,0.711864406779661,0.0,0.4271186440677966,0.5086094244434783,608.1400000000001,0.3427569803749169,2,4,9,0,1,Bangalore,1.0,0,0.15,0,0,8.235135762357856,-0.12047904191616784
ORD000150,2025-10-12,Enterprise,Standard,Healthcare,151.01,Ahmedabad,Dubai,,QuickShip,5.0,5.0,On-Time,Perfect,4.0,410.63,Ahmedabad-Dubai,2448.8,292.66,0.0,0.0,,154.78,141.04,59.73,37.36,38.77,36.12,26.37,2025-10-21,4.0,Yes,0,0.0,0.7419354838709677,4.096774193548387,0.7651612903225806,0.0,0.0,0.0,0.5495696422000372,494.17,0.20180088206468474,2,6,10,1,0,,1.0,0,0.1,0,1,8.36738877878767,-0.2034434892725812
ORD000151,2025-09-13,SMB,Standard,Electronics,786.9,Mumbai,Ahmedabad,,,4.0,5.0,,,4.0,575.5799999999999,,1627.84,198.12,246.77,16.0,,200.48,167.35500000000002,67.975,40.785,38.82,56.7,39.985,,4.0,,0,0.0,0.4878048780487805,3.575,0.5521951219512194,0.0,0.0,0.0,0.5069626535982694,0.0,0.3645093342021515,2,5,9,1,0,Mumbai,1.0,0,0.15,1,0,8.322690282947775,-0.09447141234815792
ORD000152,2025-10-02,Enterprise,Economy,Electronics,412.12,Mumbai,Ahmedabad,,,4.0,5.0,,,4.0,575.5799999999999,,1627.84,198.12,246.77,16.0,,200.48,167.35500000000002,67.975,40.785,38.82,56.7,39.985,,4.0,,0,0.0,0.4878048780487805,3.575,0.5521951219512194,0.0,0.0,0.0,0.5069626535982694,0.0,0.3645093342021515,1,3,10,0,0,Mumbai,1.0,0,0.1,1,0,8.322690282947775,-0.09447141234815792
ORD000153,2025-10-09,SMB,Express,Food & Beverage,12270.8,Delhi,Bangkok,Fragile,,4.0,5.0,,,4.0,575.5799999999999,,1627.84,198.12,246.77,16.0,,200.48,167.35500000000002,67.975,40.785,38.82,56.7,39.985,,4.0,,0,0.0,0.4878048780487805,3.575,0.5521951219512194,0.0,0.0,0.0,0.5069626535982694,0.0,0.3645093342021515,3,3,10,0,0,Delhi,0.38801261829652994,1,0.15,1,1,8.322690282947775,-0.09447141234815792
ORD000154,2025-10-19,SMB,Standard,Industrial,35.02,Pune,Chennai,Fragile,,4.0,5.0,,,4.0,575.5799999999999,,1627.84,198.12,246.77,16.0,,200.48,167.35500000000002,67.975,40.785,38.82,56.7,39.985,,4.0,,0,0.0,0.4878048780487805,3.575,0.5521951219512194,0.0,0.0,0.0,0.5069626535982694,0.0,0.3645093342021515,2,6,10,1,0,,1.0,0,0.15,1,0,8.322690282947775,-0.09447141234815792
ORD000155,2025-10-02,Enterprise,Economy,Healthcare,475.7,Mumbai,Bangalore,,,4.0,5.0,,,4.0,575.5799999999999,,1627.84,198.12,246.77,16.0,,200.48,167.35500000000002,67.975,40.785,38.82,56.7,39.985,,4.0,,0,0.0,0.4878048780487805,3.575,0.5521951219512194,0.0,0.0,0.0,0.5069626535982694,0.0,0.3645093342021515,1,3,10,0,0,Mumbai,1.0,0,0.1,1,0,8.322690282947775,-0.09447141234815792
ORD000156,2025-09-04,SMB,Economy,Home Goods,2196.18,Mumbai,Kolkata,Temperature_Controlled,,4.0,5.0,,,4.0,575.5799999999999,,1627.84,198.12,246.77,16.0,,200.48,167.35500000000002,67.975,40.785,38.82,56.7,39.985,,4.0,,0,0.0,0.4878048780487805,3.575,0.5521951219512194,0.0,0.0,0.0,0.5069626535982694,0.0,0.3645093342021515,1,3,9,0,0,Mumbai,0.3589435774309724,1,0.15,1,0,8.322690282947775,-0.09447141234815792
ORD000157,2025-09-30,Enterprise,Standard,Home Goods,169.45,Mumbai,Pune,,,4.0,5.0,,,4.0,575.5799999999999,,1627.84,198.12,246.77,16.0,,200.48,167.35500000000002,67.975,40.785,38.82,56.7,39.985,,4.0,,0,0.0,0.4878048780487805,3.575,0.5521951219512194,0.0,0.0,0.0,0.5069626535982694,0.0,0.3645093342021515,2,1,9,0,1,Mumbai,0.3589435774309724,0,0.1,1,0,8.322690282947775,-0.09447141234815792
ORD000158,2025-10-07,Enterprise,Standard,Home Goods,102.94,Mumbai,Bangkok,,,4.0,5.0,,,4.0,575.5799999999999,,1627.84,198.12,246.77,16.0,,200.48,167.35500000000002,67.975,40.785,38.82,56.7,39.985,,4.0,,0,0.0,0.4878048780487805,3.575,0.5521951219512194,0.0,0.0,0.0,0.5069626535982694,0.0,0.3645093342021515,2,1,10,0,0,Mumbai,0.3589435774309724,0,0.1,1,1,8.322690282947775,-0.09447141234815792
ORD000159,2025-09-23,Individual,Standard,Books,109.26,Mumbai,Bangkok,,,4.0,5.0,,,4.0,575.5799999999999,,1627.84,198.12,246.77,16.0,,200.48,167.35500000000002,67.975,40.785,38.82,56.7,39.985,,4.0,,0,0.0,0.4878048780487805,3.575,0.5521951219512194,0.0,0.0,0.0,0.5069626535982694,0.0,0.3645093342021515,2,1,9,0,0,Mumbai,1.0,0,0.25,1,1,8.322690282947775,-0.09447141234815792
ORD000160,2025-10-09,SMB,Express,Books,35.95,Bangalore,Chennai,Hazmat,,4.0,5.0,,,4.0,575.5799999999999,,1627.84,198.12,246.77,16.0,,200.48,167.35500000000002,67.975,40.785,38.82,56.7,39.985,,4.0,,0,0.0,0.4878048780487805,3.575,0.5521951219512194,0.0,0.0,0.0,0.5069626535982694,0.0,0.3645093342021515,3,3,10,0,0,Bangalore,1.0,0,0.15,1,0,8.322690282947775,-0.09447141234815792
ORD000161,2025-10-15,Enterprise,Standard,Fashion,3055.07,Bangalore,Mumbai,,,4.0,5.0,,,4.0,575.5799999999999,,1627.84,198.12,246.77,16.0,,200.48,167.35500000000002,67.975,40.785,38.82,56.7,39.985,,4.0,,0,0.0,0.4878048780487805,3.575,0.5521951219512194,0.0,0.0,0.0,0.5069626535982694,0.0,0.3645093342021515,2,2,10,0,0,Bangalore,1.0,1,0.1,1,0,8.322690282947775,-0.09447141234815792
ORD000162,2025-09-15,SMB,Standard,Healthcare,246.06,Delhi,Singapore,,,4.0,5.0,,,4.0,575.5799999999999,,1627.84,198.12,246.77,16.0,,200.48,167.35500000000002,67.975,40.785,38.82,56.7,39.985,,4.0,,0,0.0,0.4878048780487805,3.575,0.5521951219512194,0.0,0.0,0.0,0.5069626535982694,0.0,0.3645093342021515,2,0,9,0,0,Delhi,1.0,0,0.15,1,1,8.322690282947775,-0.09447141234815792
ORD000163,2025-10-13,Individual,Standard,Home Goods,206.02,Delhi,Hyderabad,,,4.0,5.0,,,4.0,575.5799999999999,,1627.84,198.12,246.77,16.0,,200.48,167.35500000000002,67.975,40.785,38.82,56.7,39.985,,4.0,,0,0.0,0.4878048780487805,3.575,0.5521951219512194,0.0,0.0,0.0,0.5069626535982694,0.0,0.3645093342021515,2,0,10,0,0,Delhi,1.0,0,0.25,1,0,8.322690282947775,-0.09447141234815792
ORD000164,2025-09-29,Enterprise,Express,Books,16.67,Mumbai,Hyderabad,,,4.0,5.0,,,4.0,575.5799999999999,,1627.84,198.12,246.77,16.0,,200.48,167.35500000000002,67.975,40.785,38.82,56.7,39.985,,4.0,,0,0.0,0.4878048780487805,3.575,0.5521951219512194,0.0,0.0,0.0,0.5069626535982694,0.0,0.3645093342021515,3,0,9,0,1,Mumbai,1.0,0,0.1,1,0,8.322690282947775,-0.09447141234815792
ORD000165,2025-10-06,SMB,Economy,Fashion,46.97,Delhi,Bangkok,,,4.0,5.0,,,4.0,575.5799999999999,,1627.84,198.12,246.77,16.0,,200.48,167.35500000000002,67.975,40.785,38.82,56.7,39.985,,4.0,,0,0.0,0.4878048780487805,3.575,0.5521951219512194,0.0,0.0,0.0,0.5069626535982694,0.0,0.3645093342021515,1,0,10,0,0,Delhi,1.0,0,0.15,1,1,8.322690282947775,-0.09447141234815792
ORD000166,2025-09-13,Enterprise,Economy,Industrial,3633.98,Bangalore,Kolkata,,,4.0,5.0,,,4.0,575.5799999999999,,1627.84,198.12,246.77,16.0,,200.48,167.35500000000002,67.975,40.785,38.82,56.7,39.985,,4.0,,0,0.0,0.4878048780487805,3.575,0.5521951219512194,0.0,0.0,0.0,0.5069626535982694,0.0,0.3645093342021515,1,5,9,1,0,Bangalore,1.0,1,0.1,1,0,8.322690282947775,-0.09447141234815792
ORD000167,2025-10-02,Enterprise,Standard,Fashion,635.66,Kolkata,Pune,,,4.0,5.0,,,4.0,575.5799999999999,,1627.84,198.12,246.77,16.0,,200.48,167.35500000000002,67.975,40.785,38.82,56.7,39.985,,4.0,,0,0.0,0.4878048780487805,3.575,0.5521951219512194,0.0,0.0,0.0,0.5069626535982694,0.0,0.3645093342021515,2,3,10,0,0,Kolkata,1.0,0,0.1,1,0,8.322690282947775,-0.09447141234815792
ORD000168,2025-09-07,SMB,Standard,Books,2320.99,Mumbai,Chennai,,,4.0,5.0,,,4.0,575.5799999999999,,1627.84,198.12,246.77,16.0,,200.48,167.35500000000002,67.975,40.785,38.82,56.7,39.985,,4.0,,0,0.0,0.4878048780487805,3.575,0.5521951219512194,0.0,0.0,0.0,0.5069626535982694,0.0,0.3645093342021515,2,6,9,1,0,Mumbai,1.0,1,0.15,1,0,8.322690282947775,-0.09447141234815792
ORD000169,2025-09-22,SMB,Standard,Food & Beverage,1919.82,Bangalore,Dubai,,,4.0,5.0,,,4.0,575.5799999999999,,1627.84,198.12,246.77,16.0,,200.48,167.35500000000002,67.975,40.785,38.82,56.7,39.985,,4.0,,0,0.0,0.4878048780487805,3.575,0.5521951219512194,0.0,0.0,0.0,0.5069626535982694,0.0,0.3645093342021515,2,0,9,0,0,Bangalore,1.0,1,0.15,1,1,8.322690282947775,-0.09447141234815792
ORD000170,2025-09-28,SMB,Economy,Food & Beverage,89.93,Delhi,Hyderabad,,,4.0,5.0,,,4.0,575.5799999999999,,1627.84,198.12,246.77,16.0,,200.48,167.35500000000002,67.975,40.785,38.82,56.7,39.985,,4.0,,0,0.0,0.4878048780487805,3.575,0.5521951219512194,0.0,0.0,0.0,0.5069626535982694,0.0,0.3645093342021515,1,6,9,1,1,Delhi,0.38801261829652994,0,0.15,1,0,8.322690282947775,-0.09447141234815792
ORD000171,2025-09-02,Individual,Standard,Home Goods,15440.85,Hyderabad,Bangalore,,,4.0,5.0,,,4.0,575.5799999999999,,1627.84,198.12,246.77,16.0,,200.48,167.35500000000002,67.975,40.785,38.82,56.7,39.985,,4.0,,0,0.0,0.4878048780487805,3.575,0.5521951219512194,0.0,0.0,0.0,0.5069626535982694,0.0,0.3645093342021515,2,1,9,0,0,,1.0,1,0.25,1,0,8.322690282947775,-0.09447141234815792
ORD000172,2025-10-12,Individual,Express,Food & Beverage,7514.57,Chennai,Bangkok,,,4.0,5.0,,,4.0,575.5799999999999,,1627.84,198.12,246.77,16.0,,200.48,167.35500000000002,67.975,40.785,38.82,56.7,39.985,,4.0,,0,0.0,0.4878048780487805,3.575,0.5521951219512194,0.0,0.0,0.0,0.5069626535982694,0.0,0.3645093342021515,3,6,10,1,0,Chennai,1.0,1,0.25,1,1,8.322690282947775,-0.09447141234815792
ORD000173,2025-10-15,SMB,Economy,Home Goods,173.18,Bangalore,Mumbai,,,4.0,5.0,,,4.0,575.5799999999999,,1627.84,198.12,246.77,16.0,,200.48,167.35500000000002,67.975,40.785,38.82,56.7,39.985,,4.0,,0,0.0,0.4878048780487805,3.575,0.5521951219512194,0.0,0.0,0.0,0.5069626535982694,0.0,0.3645093342021515,1,2,10,0,0,Bangalore,1.0,0,0.15,1,0,8.322690282947775,-0.09447141234815792
ORD000174,2025-09-06,SMB,Economy,Home Goods,1.91,Delhi,Hong Kong,,,4.0,5.0,,,4.0,575.5799999999999,,1627.84,198.12,246.77,16.0,,200.48,167.35500000000002,67.975,40.785,38.82,56.7,39.985,,4.0,,0,0.0,0.4878048780487805,3.575,0.5521951219512194,0.0,0.0,0.0,0.5069626535982694,0.0,0.3645093342021515,1,5,9,1,0,Delhi,1.0,0,0.15,1,1,8.322690282947775,-0.09447141234815792
ORD000175,2025-09-28,Individual,Economy,Books,236.32,Pune,Hyderabad,,,4.0,5.0,,,4.0,575.5799999999999,,1627.84,198.12,246.77,16.0,,200.48,167.35500000000002,67.975,40.785,38.82,56.7,39.985,,4.0,,0,0.0,0.4878048780487805,3.575,0.5521951219512194,0.0,0.0,0.0,0.5069626535982694,0.0,0.3645093342021515,1,6,9,1,1,,1.0,0,0.25,1,0,8.322690282947775,-0.09447141234815792
ORD000176,2025-09-28,Enterprise,Economy,Food & Beverage,576.77,Mumbai,Bangalore,Hazmat,,4.0,5.0,,,4.0,575.5799999999999,,1627.84,198.12,246.77,16.0,,200.48,167.35500000000002,67.975,40.785,38.82,56.7,39.985,,4.0,,0,0.0,0.4878048780487805,3.575,0.5521951219512194,0.0,0.0,0.0,0.5069626535982694,0.0,0.3645093342021515,1,6,9,1,1,Mumbai,1.0,0,0.1,1,0,8.322690282947775,-0.09447141234815792
ORD000177,2025-10-14,SMB,Standard,Home Goods,172.16,Mumbai,Chennai,,,4.0,5.0,,,4.0,575.5799999999999,,1627.84,198.12,246.77,16.0,,200.48,167.35500000000002,67.975,40.785,38.82,56.7,39.985,,4.0,,0,0.0,0.4878048780487805,3.575,0.5521951219512194,0.0,0.0,0.0,0.5069626535982694,0.0,0.3645093342021515,2,1,10,0,0,Mumbai,0.3589435774309724,0,0.15,1,0,8.322690282947775,-0.09447141234815792
ORD000178,2025-10-14,Enterprise,Standard,Healthcare,289.37,Delhi,Mumbai,,,4.0,5.0,,,4.0,575.5799999999999,,1627.84,198.12,246.77,16.0,,200.48,167.35500000000002,67.975,40.785,38.82,56.7,39.985,,4.0,,0,0.0,0.4878048780487805,3.575,0.5521951219512194,0.0,0.0,0.0,0.5069626535982694,0.0,0.3645093342021515,2,1,10,0,0,Delhi,1.0,0,0.1,1,0,8.322690282947775,-0.09447141234815792
ORD000179,2025-09-20,Enterprise,Economy,Industrial,116.4,Mumbai,Dubai,,,4.0,5.0,,,4.0,575.5799999999999,,1627.84,198.12,246.77,16.0,,200.48,167.35500000000002,67.975,40.785,38.82,56.7,39.985,,4.0,,0,0.0,0.4878048780487805,3.575,0.5521951219512194,0.0,0.0,0.0,0.5069626535982694,0.0,0.3645093342021515,1,5,9,1,0,Mumbai,0.4548229548229548,0,0.1,1,1,8.322690282947775,-0.09447141234815792
ORD000180,2025-09-30,Individual,Economy,Fashion,1607.53,Pune,Singapore,,,4.0,5.0,,,4.0,575.5799999999999,,1627.84,198.12,246.77,16.0,,200.48,167.35500000000002,67.975,40.785,38.82,56.7,39.985,,4.0,,0,0.0,0.4878048780487805,3.575,0.5521951219512194,0.0,0.0,0.0,0.5069626535982694,0.0,0.3645093342021515,1,1,9,0,1,,1.0,1,0.25,1,1,8.322690282947775,-0.09447141234815792
ORD000181,2025-09-11,Individual,Express,Fashion,443.83,Kolkata,Delhi,,,4.0,5.0,,,4.0,575.5799999999999,,1627.84,198.12,246.77,16.0,,200.48,167.35500000000002,67.975,40.785,38.82,56.7,39.985,,4.0,,0,0.0,0.4878048780487805,3.575,0.5521951219512194,0.0,0.0,0.0,0.5069626535982694,0.0,0.3645093342021515,3,3,9,0,0,Kolkata,1.0,0,0.25,1,0,8.322690282947775,-0.09447141234815792
ORD000182,2025-09-28,SMB,Express,Books,1681.21,Delhi,Bangkok,,,4.0,5.0,,,4.0,575.5799999999999,,1627.84,198.12,246.77,16.0,,200.48,167.35500000000002,67.975,40.785,38.82,56.7,39.985,,4.0,,0,0.0,0.4878048780487805,3.575,0.5521951219512194,0.0,0.0,0.0,0.5069626535982694,0.0,0.3645093342021515,3,6,9,1,1,Delhi,0.49547920433996384,1,0.15,1,1,8.322690282947775,-0.09447141234815792
ORD000183,2025-09-25,SMB,Standard,Food & Beverage,2523.26,Bangalore,Singapore,,,4.0,5.0,,,4.0,575.5799999999999,,1627.84,198.12,246.77,16.0,,200.48,167.35500000000002,67.975,40.785,38.82,56.7,39.985,,4.0,,0,0.0,0.4878048780487805,3.575,0.5521951219512194,0.0,0.0,0.0,0.5069626535982694,0.0,0.3645093342021515,2,3,9,0,1,Bangalore,1.0,1,0.15,1,1,8.322690282947775,-0.09447141234815792
ORD000184,2025-10-09,Enterprise,Economy,Food & Beverage,15.46,Ahmedabad,Dubai,,,4.0,5.0,,,4.0,575.5799999999999,,1627.84,198.12,246.77,16.0,,200.48,167.35500000000002,67.975,40.785,38.82,56.7,39.985,,4.0,,0,0.0,0.4878048780487805,3.575,0.5521951219512194,0.0,0.0,0.0,0.5069626535982694,0.0,0.3645093342021515,1,3,10,0,0,,1.0,0,0.1,1,1,8.322690282947775,-0.09447141234815792
ORD000185,2025-10-03,Enterprise,Economy,Home Goods,127.0,Hyderabad,Mumbai,Temperature_Controlled,,4.0,5.0,,,4.0,575.5799999999999,,1627.84,198.12,246.77,16.0,,200.48,167.35500000000002,67.975,40.785,38.82,56.7,39.985,,4.0,,0,0.0,0.4878048780487805,3.575,0.5521951219512194,0.0,0.0,0.0,0.5069626535982694,0.0,0.3645093342021515,1,4,10,0,0,,1.0,0,0.1,1,0,8.322690282947775,-0.09447141234815792
ORD000186,2025-09-01,Enterprise,Express,Electronics,158.22,Chennai,Hyderabad,Fragile,,4.0,5.0,,,4.0,575.5799999999999,,1627.84,198.12,246.77,16.0,,200.48,167.35500000000002,67.975,40.785,38.82,56.7,39.985,,4.0,,0,0.0,0.4878048780487805,3.575,0.5521951219512194,0.0,0.0,0.0,0.5069626535982694,0.0,0.3645093342021515,3,0,9,0,0,Chennai,1.0,0,0.1,1,0,8.322690282947775,-0.09447141234815792
ORD000187,2025-09-27,SMB,Standard,Home Goods,19092.65,Pune,Singapore,,,4.0,5.0,,,4.0,575.5799999999999,,1627.84,198.12,246.77,16.0,,200.48,167.35500000000002,67.975,40.785,38.82,56.7,39.985,,4.0,,0,0.0,0.4878048780487805,3.575,0.5521951219512194,0.0,0.0,0.0,0.5069626535982694,0.0,0.3645093342021515,2,5,9,1,1,,1.0,1,0.15,1,1,8.322690282947775,-0.09447141234815792
ORD000188,2025-09-13,Individual,Standard,Industrial,504.47,Ahmedabad,Bangkok,,,4.0,5.0,,,4.0,575.5799999999999,,1627.84,198.12,246.77,16.0,,200.48,167.35500000000002,67.975,40.785,38.82,56.7,39.985,,4.0,,0,0.0,0.4878048780487805,3.575,0.5521951219512194,0.0,0.0,0.0,0.5069626535982694,0.0,0.3645093342021515,2,5,9,1,0,,1.0,0,0.25,1,1,8.322690282947775,-0.09447141234815792
ORD000189,2025-10-11,SMB,Economy,Healthcare,1364.91,Kolkata,Delhi,Fragile,,4.0,5.0,,,4.0,575.5799999999999,,1627.84,198.12,246.77,16.0,,200.48,167.35500000000002,67.975,40.785,38.82,56.7,39.985,,4.0,,0,0.0,0.4878048780487805,3.575,0.5521951219512194,0.0,0.0,0.0,0.5069626535982694,0.0,0.3645093342021515,1,5,10,1,0,Kolkata,1.0,0,0.15,1,0,8.322690282947775,-0.09447141234815792
ORD000190,2025-09-03,Enterprise,Economy,Fashion,24.02,Mumbai,Kolkata,,,4.0,5.0,,,4.0,575.5799999999999,,1627.84,198.12,246.77,16.0,,200.48,167.35500000000002,67.975,40.785,38.82,56.7,39.985,,4.0,,0,0.0,0.4878048780487805,3.575,0.5521951219512194,0.0,0.0,0.0,0.5069626535982694,0.0,0.3645093342021515,1,2,9,0,0,Mumbai,1.0,0,0.1,1,0,8.322690282947775,-0.09447141234815792
ORD000191,2025-10-09,Individual,Economy,Home Goods,500.11,Delhi,Ahmedabad,,,4.0,5.0,,,4.0,575.5799999999999,,1627.84,198.12,246.77,16.0,,200.48,167.35500000000002,67.975,40.785,38.82,56.7,39.985,,4.0,,0,0.0,0.4878048780487805,3.575,0.5521951219512194,0.0,0.0,0.0,0.5069626535982694,0.0,0.3645093342021515,1,3,10,0,0,Delhi,1.0,0,0.25,1,0,8.322690282947775,-0.09447141234815792
ORD000192,2025-09-06,Individual,Standard,Electronics,1750.12,Hyderabad,Bangalore,Hazmat,,4.0,5.0,,,4.0,575.5799999999999,,1627.84,198.12,246.77,16.0,,200.48,167.35500000000002,67.975,40.785,38.82,56.7,39.985,,4.0,,0,0.0,0.4878048780487805,3.575,0.5521951219512194,0.0,0.0,0.0,0.5069626535982694,0.0,0.3645093342021515,2,5,9,1,0,,1.0,1,0.25,1,0,8.322690282947775,-0.09447141234815792
ORD000193,2025-09-08,SMB,Standard,Electronics,1469.9,Mumbai,Hyderabad,,,4.0,5.0,,,4.0,575.5799999999999,,1627.84,198.12,246.77,16.0,,200.48,167.35500000000002,67.975,40.785,38.82,56.7,39.985,,4.0,,0,0.0,0.4878048780487805,3.575,0.5521951219512194,0.0,0.0,0.0,0.5069626535982694,0.0,0.3645093342021515,2,0,9,0,0,Mumbai,1.0,1,0.15,1,0,8.322690282947775,-0.09447141234815792
ORD000194,2025-09-27,SMB,Standard,Home Goods,1027.72,Hyderabad,Singapore,,,4.0,5.0,,,4.0,575.5799999999999,,1627.84,198.12,246.77,16.0,,200.48,167.35500000000002,67.975,40.785,38.82,56.7,39.985,,4.0,,0,0.0,0.4878048780487805,3.575,0.5521951219512194,0.0,0.0,0.0,0.5069626535982694,0.0,0.3645093342021515,2,5,9,1,1,,1.0,0,0.15,1,1,8.322690282947775,-0.09447141234815792
ORD000195,2025-09-09,SMB,Express,Books,411.37,Mumbai,Hong Kong,Hazmat,,4.0,5.0,,,4.0,575.5799999999999,,1627.84,198.12,246.77,16.0,,200.48,167.35500000000002,67.975,40.785,38.82,56.7,39.985,,4.0,,0,0.0,0.4878048780487805,3.575,0.5521951219512194,0.0,0.0,0.0,0.5069626535982694,0.0,0.3645093342021515,3,1,9,0,0,Mumbai,1.0,0,0.15,1,1,8.322690282947775,-0.09447141234815792
ORD000196,2025-10-07,Enterprise,Economy,Fashion,442.46,Mumbai,Chennai,,,4.0,5.0,,,4.0,575.5799999999999,,1627.84,198.12,246.77,16.0,,200.48,167.35500000000002,67.975,40.785,38.82,56.7,39.985,,4.0,,0,0.0,0.4878048780487805,3.575,0.5521951219512194,0.0,0.0,0.0,0.5069626535982694,0.0,0.3645093342021515,1,1,10,0,0,Mumbai,1.0,0,0.1,1,0,8.322690282947775,-0.09447141234815792
ORD000197,2025-10-03,SMB,Economy,Books,31.82,Delhi,Kolkata,,,4.0,5.0,,,4.0,575.5799999999999,,1627.84,198.12,246.77,16.0,,200.48,167.35500000000002,67.975,40.785,38.82,56.7,39.985,,4.0,,0,0.0,0.4878048780487805,3.575,0.5521951219512194,0.0,0.0,0.0,0.5069626535982694,0.0,0.3645093342021515,1,4,10,0,0,Delhi,0.49547920433996384,0,0.15,1,0,8.322690282947775,-0.09447141234815792
ORD000198,2025-10-12,Individual,Economy,Healthcare,104.5,Mumbai,Dubai,,,4.0,5.0,,,4.0,575.5799999999999,,1627.84,198.12,246.77,16.0,,200.48,167.35500000000002,67.975,40.785,38.82,56.7,39.985,,4.0,,0,0.0,0.4878048780487805,3.575,0.5521951219512194,0.0,0.0,0.0,0.5069626535982694,0.0,0.3645093342021515,1,6,10,1,0,Mumbai,1.0,0,0.25,1,1,8.322690282947775,-0.09447141234815792
ORD000199,2025-10-14,Enterprise,Economy,Electronics,570.44,Pune,Ahmedabad,Fragile,,4.0,5.0,,,4.0,575.5799999999999,,1627.84,198.12,246.77,16.0,,200.48,167.35500000000002,67.975,40.785,38.82,56.7,39.985,,4.0,,0,0.0,0.4878048780487805,3.575,0.5521951219512194,0.0,0.0,0.0,0.5069626535982694,0.0,0.3645093342021515,1,1,10,0,0,,1.0,0,0.1,1,0,8.322690282947775,-0.09447141234815792
ORD000200,2025-09-24,Enterprise,Standard,Electronics,137.83,Hyderabad,Mumbai,Temperature_Controlled,,4.0,5.0,,,4.0,575.5799999999999,,1627.84,198.12,246.77,16.0,,200.48,167.35500000000002,67.975,40.785,38.82,56.7,39.985,,4.0,,0,0.0,0.4878048780487805,3.575,0.5521951219512194,0.0,0.0,0.0,0.5069626535982694,0.0,0.3645093342021515,2,2,9,0,0,,1.0,0,0.1,1,0,8.322690282947775,-0.09447141234815792
